peso,sexo,potencia,evento,year,Feb-Mar-Abr,Mar-Abr-May,Abr-May-Jun,May-Jun-Jul,Jun-Jul-Ago,Jul-Ago-Sep
151.5,Hembra,0.033333333,Neutro,1995,0.5,0.3,0.1,0,-0.2,-0.5
151.5,Macho,0.033333333,Neutro,1995,,,,,,
120.5,Hembra,-0.366666667,Neutro,1996,-0.6,-0.4,-0.3,-0.3,-0.3,-0.3
152,Hembra,0.95,Niño,1997,-0.1,0.3,0.8,1.2,1.6,1.9
137,Macho,0.15,Neutro,1998,1.4,1,0.5,-0.1,-0.8,-1.1
182,Macho,0.15,Neutro,1998,,,,,,
155,Macho,0.15,Neutro,1998,,,,,,
162.5,Macho,0.15,Neutro,1998,,,,,,
196.5,Macho,0.15,Neutro,1998,,,,,,
167,Macho,0.15,Neutro,1998,,,,,,
163,Macho,0.15,Neutro,1998,,,,,,
168.5,Macho,0.15,Neutro,1998,,,,,,
128,Macho,0.15,Neutro,1998,,,,,,
164.5,Hembra,0.15,Neutro,1998,,,,,,
177,Hembra,0.15,Neutro,1998,,,,,,
149.5,Hembra,0.15,Neutro,1998,,,,,,
138.5,Hembra,0.15,Neutro,1998,,,,,,
169.5,Hembra,0.15,Neutro,1998,,,,,,
186,Hembra,0.15,Neutro,1998,,,,,,
154,Hembra,0.15,Neutro,1998,,,,,,
140.5,Hembra,0.15,Neutro,1998,,,,,,
85,Hembra,0.15,Neutro,1998,,,,,,
181.5,Macho,-0.216666667,Neutro,2001,-0.4,-0.3,-0.3,-0.1,-0.1,-0.1
135,Macho,-0.216666667,Neutro,2001,,,,,,
168.5,Macho,-0.216666667,Neutro,2001,,,,,,
146.5,Macho,-0.216666667,Neutro,2001,,,,,,
134,Macho,-0.216666667,Neutro,2001,,,,,,
165.5,Macho,-0.216666667,Neutro,2001,,,,,,
171,Macho,-0.216666667,Neutro,2001,,,,,,
123,Macho,-0.216666667,Neutro,2001,,,,,,
171,Macho,-0.216666667,Neutro,2001,,,,,,
187,Macho,-0.216666667,Neutro,2001,,,,,,
225,Macho,-0.216666667,Neutro,2001,,,,,,
148,Macho,-0.216666667,Neutro,2001,,,,,,
159,Macho,-0.216666667,Neutro,2001,,,,,,
180.5,Macho,-0.216666667,Neutro,2001,,,,,,
150,Macho,-0.216666667,Neutro,2001,,,,,,
173,Macho,-0.216666667,Neutro,2001,,,,,,
161,Macho,-0.216666667,Neutro,2001,,,,,,
195,Macho,-0.216666667,Neutro,2001,,,,,,
137,Macho,-0.216666667,Neutro,2001,,,,,,
151,Macho,-0.216666667,Neutro,2001,,,,,,
185.5,Macho,-0.216666667,Neutro,2001,,,,,,
150.5,Macho,-0.216666667,Neutro,2001,,,,,,
141.5,Macho,-0.216666667,Neutro,2001,,,,,,
118,Macho,-0.216666667,Neutro,2001,,,,,,
126,Macho,-0.216666667,Neutro,2001,,,,,,
119,Macho,-0.216666667,Neutro,2001,,,,,,
172,Macho,-0.216666667,Neutro,2001,,,,,,
181,Macho,-0.216666667,Neutro,2001,,,,,,
144,Macho,-0.216666667,Neutro,2001,,,,,,
145,Macho,-0.216666667,Neutro,2001,,,,,,
206,Macho,-0.216666667,Neutro,2001,,,,,,
147.5,Macho,-0.216666667,Neutro,2001,,,,,,
170,Macho,-0.216666667,Neutro,2001,,,,,,
163,Macho,-0.216666667,Neutro,2001,,,,,,
153,Macho,-0.216666667,Neutro,2001,,,,,,
148,Macho,-0.216666667,Neutro,2001,,,,,,
1332.5,Macho,-0.216666667,Neutro,2001,,,,,,
168,Macho,-0.216666667,Neutro,2001,,,,,,
149,Macho,-0.216666667,Neutro,2001,,,,,,
184,Macho,-0.216666667,Neutro,2001,,,,,,
173,Macho,-0.216666667,Neutro,2001,,,,,,
142.5,Hembra,-0.216666667,Neutro,2001,,,,,,
150,Hembra,-0.216666667,Neutro,2001,,,,,,
155.5,Hembra,-0.216666667,Neutro,2001,,,,,,
194,Hembra,-0.216666667,Neutro,2001,,,,,,
141,Hembra,-0.216666667,Neutro,2001,,,,,,
180,Hembra,-0.216666667,Neutro,2001,,,,,,
171,Hembra,-0.216666667,Neutro,2001,,,,,,
183,Hembra,-0.216666667,Neutro,2001,,,,,,
82,Hembra,-0.216666667,Neutro,2001,,,,,,
173,Hembra,-0.216666667,Neutro,2001,,,,,,
154,Hembra,-0.216666667,Neutro,2001,,,,,,
174,Hembra,-0.216666667,Neutro,2001,,,,,,
147,Hembra,-0.216666667,Neutro,2001,,,,,,
183.5,Hembra,-0.216666667,Neutro,2001,,,,,,
147.5,Hembra,-0.216666667,Neutro,2001,,,,,,
169,Hembra,-0.216666667,Neutro,2001,,,,,,
141.5,Hembra,-0.216666667,Neutro,2001,,,,,,
171,Hembra,-0.216666667,Neutro,2001,,,,,,
134,Hembra,-0.216666667,Neutro,2001,,,,,,
136,Hembra,-0.216666667,Neutro,2001,,,,,,
142,Hembra,-0.216666667,Neutro,2001,,,,,,
93,Hembra,-0.216666667,Neutro,2001,,,,,,
147,Hembra,-0.216666667,Neutro,2001,,,,,,
149,Hembra,-0.216666667,Neutro,2001,,,,,,
155.5,Hembra,-0.216666667,Neutro,2001,,,,,,
141.5,Hembra,-0.216666667,Neutro,2001,,,,,,
135,Hembra,-0.216666667,Neutro,2001,,,,,,
177,Hembra,-0.216666667,Neutro,2001,,,,,,
157.5,Hembra,-0.216666667,Neutro,2001,,,,,,
165,Hembra,-0.216666667,Neutro,2001,,,,,,
167,Hembra,-0.216666667,Neutro,2001,,,,,,
131.5,Hembra,-0.216666667,Neutro,2001,,,,,,
193,Hembra,-0.216666667,Neutro,2001,,,,,,
105,Hembra,-0.216666667,Neutro,2001,,,,,,
164,Hembra,-0.216666667,Neutro,2001,,,,,,
128,Hembra,-0.216666667,Neutro,2001,,,,,,
190.5,Hembra,-0.216666667,Neutro,2001,,,,,,
143.5,Hembra,-0.216666667,Neutro,2001,,,,,,
148,Macho,0.516666667,Niño,2002,0.1,0.2,0.4,0.7,0.8,0.9
173.5,Macho,0.516666667,Niño,2002,,,,,,
175.5,Macho,0.516666667,Niño,2002,,,,,,
159,Macho,0.516666667,Niño,2002,,,,,,
152,Macho,0.516666667,Niño,2002,,,,,,
144.5,Macho,0.516666667,Niño,2002,,,,,,
130,Macho,0.516666667,Niño,2002,,,,,,
163.5,Macho,0.516666667,Niño,2002,,,,,,
95,Macho,0.516666667,Niño,2002,,,,,,
168.5,Macho,0.516666667,Niño,2002,,,,,,
149.5,Macho,0.516666667,Niño,2002,,,,,,
106,Macho,0.516666667,Niño,2002,,,,,,
93,Macho,0.516666667,Niño,2002,,,,,,
161.5,Macho,0.516666667,Niño,2002,,,,,,
161,Macho,0.516666667,Niño,2002,,,,,,
93,Macho,0.516666667,Niño,2002,,,,,,
133,Macho,0.516666667,Niño,2002,,,,,,
172.5,Macho,0.516666667,Niño,2002,,,,,,
173,Macho,0.516666667,Niño,2002,,,,,,
145,Macho,0.516666667,Niño,2002,,,,,,
200,Macho,0.516666667,Niño,2002,,,,,,
155.5,Macho,0.516666667,Niño,2002,,,,,,
190.5,Macho,0.516666667,Niño,2002,,,,,,
162,Macho,0.516666667,Niño,2002,,,,,,
193,Macho,0.516666667,Niño,2002,,,,,,
93,Macho,0.516666667,Niño,2002,,,,,,
155.5,Macho,0.516666667,Niño,2002,,,,,,
123.5,Macho,0.516666667,Niño,2002,,,,,,
175.5,Macho,0.516666667,Niño,2002,,,,,,
162.5,Macho,0.516666667,Niño,2002,,,,,,
169.5,Macho,0.516666667,Niño,2002,,,,,,
141.5,Macho,0.516666667,Niño,2002,,,,,,
152.5,Macho,0.516666667,Niño,2002,,,,,,
181.5,Macho,0.516666667,Niño,2002,,,,,,
161.5,Macho,0.516666667,Niño,2002,,,,,,
170.5,Macho,0.516666667,Niño,2002,,,,,,
98.5,Macho,0.516666667,Niño,2002,,,,,,
156,Macho,0.516666667,Niño,2002,,,,,,
171,Macho,0.516666667,Niño,2002,,,,,,
145,Macho,0.516666667,Niño,2002,,,,,,
168.5,Macho,0.516666667,Niño,2002,,,,,,
148.5,Macho,0.516666667,Niño,2002,,,,,,
153.5,Macho,0.516666667,Niño,2002,,,,,,
162,Macho,0.516666667,Niño,2002,,,,,,
195,Macho,0.516666667,Niño,2002,,,,,,
187.5,Macho,0.516666667,Niño,2002,,,,,,
185,Macho,0.516666667,Niño,2002,,,,,,
145.5,Macho,0.516666667,Niño,2002,,,,,,
159.5,Macho,0.516666667,Niño,2002,,,,,,
169,Macho,0.516666667,Niño,2002,,,,,,
158.5,Macho,0.516666667,Niño,2002,,,,,,
139.5,Macho,0.516666667,Niño,2002,,,,,,
199,Macho,0.516666667,Niño,2002,,,,,,
172,Macho,0.516666667,Niño,2002,,,,,,
252.5,Macho,0.516666667,Niño,2002,,,,,,
177.5,Macho,0.516666667,Niño,2002,,,,,,
192,Macho,0.516666667,Niño,2002,,,,,,
182,Macho,0.516666667,Niño,2002,,,,,,
163,Macho,0.516666667,Niño,2002,,,,,,
172.5,Macho,0.516666667,Niño,2002,,,,,,
193.5,Macho,0.516666667,Niño,2002,,,,,,
|36,Macho,0.516666667,Niño,2002,,,,,,
182,Macho,0.516666667,Niño,2002,,,,,,
201,Macho,0.516666667,Niño,2002,,,,,,
198,Macho,0.516666667,Niño,2002,,,,,,
153.5,Macho,0.516666667,Niño,2002,,,,,,
147,Macho,0.516666667,Niño,2002,,,,,,
171.5,Macho,0.516666667,Niño,2002,,,,,,
195,Macho,0.516666667,Niño,2002,,,,,,
138.5,Macho,0.516666667,Niño,2002,,,,,,
118,Macho,0.516666667,Niño,2002,,,,,,
119,Macho,0.516666667,Niño,2002,,,,,,
197,Macho,0.516666667,Niño,2002,,,,,,
158.5,Macho,0.516666667,Niño,2002,,,,,,
223,Macho,0.516666667,Niño,2002,,,,,,
134,Macho,0.516666667,Niño,2002,,,,,,
143.5,Macho,0.516666667,Niño,2002,,,,,,
131.5,Macho,0.516666667,Niño,2002,,,,,,
185,Macho,0.516666667,Niño,2002,,,,,,
168,Macho,0.516666667,Niño,2002,,,,,,
150.5,Macho,0.516666667,Niño,2002,,,,,,
144,Macho,0.516666667,Niño,2002,,,,,,
107,Macho,0.516666667,Niño,2002,,,,,,
171.5,Macho,0.516666667,Niño,2002,,,,,,
130,Macho,0.516666667,Niño,2002,,,,,,
104.5,Hembra,0.516666667,Niño,2002,,,,,,
155,Hembra,0.516666667,Niño,2002,,,,,,
153,Hembra,0.516666667,Niño,2002,,,,,,
115.5,Hembra,0.516666667,Niño,2002,,,,,,
137,Hembra,0.516666667,Niño,2002,,,,,,
119.5,Hembra,0.516666667,Niño,2002,,,,,,
172.5,Hembra,0.516666667,Niño,2002,,,,,,
162.5,Hembra,0.516666667,Niño,2002,,,,,,
137.5,Hembra,0.516666667,Niño,2002,,,,,,
151.5,Hembra,0.516666667,Niño,2002,,,,,,
147.5,Hembra,0.516666667,Niño,2002,,,,,,
131,Hembra,0.516666667,Niño,2002,,,,,,
170,Hembra,0.516666667,Niño,2002,,,,,,
118.5,Hembra,0.516666667,Niño,2002,,,,,,
146,Hembra,0.516666667,Niño,2002,,,,,,
117,Hembra,0.516666667,Niño,2002,,,,,,
134.5,Hembra,0.516666667,Niño,2002,,,,,,
143,Hembra,0.516666667,Niño,2002,,,,,,
106,Hembra,0.516666667,Niño,2002,,,,,,
87.5,Hembra,0.516666667,Niño,2002,,,,,,
162.5,Hembra,0.516666667,Niño,2002,,,,,,
119.5,Hembra,0.516666667,Niño,2002,,,,,,
149,Hembra,0.516666667,Niño,2002,,,,,,
113,Hembra,0.516666667,Niño,2002,,,,,,
135.5,Hembra,0.516666667,Niño,2002,,,,,,
105.5,Hembra,0.516666667,Niño,2002,,,,,,
146.5,Hembra,0.516666667,Niño,2002,,,,,,
190.5,Hembra,0.516666667,Niño,2002,,,,,,
154.5,Hembra,0.516666667,Niño,2002,,,,,,
117.5,Hembra,0.516666667,Niño,2002,,,,,,
153,Hembra,0.516666667,Niño,2002,,,,,,
142.5,Hembra,0.516666667,Niño,2002,,,,,,
132,Hembra,0.516666667,Niño,2002,,,,,,
145,Hembra,0.516666667,Niño,2002,,,,,,
130.5,Hembra,0.516666667,Niño,2002,,,,,,
101.5,Hembra,0.516666667,Niño,2002,,,,,,
138,Hembra,0.516666667,Niño,2002,,,,,,
198,Hembra,0.516666667,Niño,2002,,,,,,
114.5,Hembra,0.516666667,Niño,2002,,,,,,
147,Hembra,0.516666667,Niño,2002,,,,,,
146.5,Hembra,0.516666667,Niño,2002,,,,,,
146,Hembra,0.516666667,Niño,2002,,,,,,
178.5,Hembra,0.516666667,Niño,2002,,,,,,
141.5,Hembra,0.516666667,Niño,2002,,,,,,
116,Hembra,0.516666667,Niño,2002,,,,,,
167,Hembra,0.516666667,Niño,2002,,,,,,
166,Hembra,0.516666667,Niño,2002,,,,,,
163,Hembra,0.516666667,Niño,2002,,,,,,
152,Hembra,0.516666667,Niño,2002,,,,,,
122.5,Hembra,0.516666667,Niño,2002,,,,,,
139.5,Hembra,0.516666667,Niño,2002,,,,,,
156,Hembra,0.516666667,Niño,2002,,,,,,
172.5,Hembra,0.516666667,Niño,2002,,,,,,
166.5,Hembra,0.516666667,Niño,2002,,,,,,
119,Hembra,0.516666667,Niño,2002,,,,,,
123.5,Hembra,0.516666667,Niño,2002,,,,,,
160,Hembra,0.516666667,Niño,2002,,,,,,
151,Hembra,0.516666667,Niño,2002,,,,,,
199.5,Hembra,0.516666667,Niño,2002,,,,,,
148.5,Hembra,0.516666667,Niño,2002,,,,,,
97.5,Hembra,0.516666667,Niño,2002,,,,,,
85,Hembra,0.516666667,Niño,2002,,,,,,
159,Hembra,0.516666667,Niño,2002,,,,,,
135,Hembra,0.516666667,Niño,2002,,,,,,
138,Hembra,0.516666667,Niño,2002,,,,,,
159,Hembra,0.516666667,Niño,2002,,,,,,
137.5,Hembra,0.516666667,Niño,2002,,,,,,
160,Hembra,0.516666667,Niño,2002,,,,,,
179,Hembra,0.516666667,Niño,2002,,,,,,
157.5,Hembra,0.516666667,Niño,2002,,,,,,
135,Hembra,0.516666667,Niño,2002,,,,,,
148,Hembra,0.516666667,Niño,2002,,,,,,
126,Hembra,0.516666667,Niño,2002,,,,,,
103,Hembra,0.516666667,Niño,2002,,,,,,
146.5,Hembra,0.516666667,Niño,2002,,,,,,
102,Hembra,0.516666667,Niño,2002,,,,,,
150,Hembra,0.516666667,Niño,2002,,,,,,
116.5,Hembra,0.516666667,Niño,2002,,,,,,
140,Hembra,0.516666667,Niño,2002,,,,,,
130,Hembra,0.516666667,Niño,2002,,,,,,
123.5,Hembra,0.516666667,Niño,2002,,,,,,
125.5,Hembra,0.516666667,Niño,2002,,,,,,
149,Hembra,0.516666667,Niño,2002,,,,,,
180.5,Hembra,0.516666667,Niño,2002,,,,,,
99.5,Hembra,0.516666667,Niño,2002,,,,,,
148,Hembra,0.516666667,Niño,2002,,,,,,
139.5,Macho,0.033333333,Neutro,2003,0.4,0,-0.3,-0.2,0.1,0.2
166.5,Macho,0.033333333,Neutro,2003,,,,,,
153,Macho,0.033333333,Neutro,2003,,,,,,
176,Macho,0.033333333,Neutro,2003,,,,,,
191.5,Macho,0.033333333,Neutro,2003,,,,,,
186,Macho,0.033333333,Neutro,2003,,,,,,
150,Macho,0.033333333,Neutro,2003,,,,,,
120,Macho,0.033333333,Neutro,2003,,,,,,
96.5,Macho,0.033333333,Neutro,2003,,,,,,
156.5,Macho,0.033333333,Neutro,2003,,,,,,
162.5,Macho,0.033333333,Neutro,2003,,,,,,
144.5,Macho,0.033333333,Neutro,2003,,,,,,
128,Macho,0.033333333,Neutro,2003,,,,,,
167.5,Macho,0.033333333,Neutro,2003,,,,,,
179,Macho,0.033333333,Neutro,2003,,,,,,
185.5,Macho,0.033333333,Neutro,2003,,,,,,
155,Macho,0.033333333,Neutro,2003,,,,,,
161.5,Macho,0.033333333,Neutro,2003,,,,,,
124,Macho,0.033333333,Neutro,2003,,,,,,
141.5,Macho,0.033333333,Neutro,2003,,,,,,
166.5,Macho,0.033333333,Neutro,2003,,,,,,
178,Macho,0.033333333,Neutro,2003,,,,,,
184,Macho,0.033333333,Neutro,2003,,,,,,
162.5,Macho,0.033333333,Neutro,2003,,,,,,
130.5,Macho,0.033333333,Neutro,2003,,,,,,
165,Macho,0.033333333,Neutro,2003,,,,,,
188,Macho,0.033333333,Neutro,2003,,,,,,
148,Macho,0.033333333,Neutro,2003,,,,,,
194.5,Macho,0.033333333,Neutro,2003,,,,,,
177,Macho,0.033333333,Neutro,2003,,,,,,
168.5,Macho,0.033333333,Neutro,2003,,,,,,
162,Macho,0.033333333,Neutro,2003,,,,,,
143,Macho,0.033333333,Neutro,2003,,,,,,
183,Macho,0.033333333,Neutro,2003,,,,,,
161,Macho,0.033333333,Neutro,2003,,,,,,
93,Macho,0.033333333,Neutro,2003,,,,,,
177.5,Macho,0.033333333,Neutro,2003,,,,,,
111.5,Macho,0.033333333,Neutro,2003,,,,,,
168.5,Macho,0.033333333,Neutro,2003,,,,,,
221,Macho,0.033333333,Neutro,2003,,,,,,
141,Macho,0.033333333,Neutro,2003,,,,,,
179.5,Macho,0.033333333,Neutro,2003,,,,,,
161,Macho,0.033333333,Neutro,2003,,,,,,
173.5,Macho,0.033333333,Neutro,2003,,,,,,
183,Macho,0.033333333,Neutro,2003,,,,,,
121,Macho,0.033333333,Neutro,2003,,,,,,
154.5,Macho,0.033333333,Neutro,2003,,,,,,
131.5,Macho,0.033333333,Neutro,2003,,,,,,
104.5,Macho,0.033333333,Neutro,2003,,,,,,
122,Macho,0.033333333,Neutro,2003,,,,,,
162.5,Macho,0.033333333,Neutro,2003,,,,,,
149,Macho,0.033333333,Neutro,2003,,,,,,
180.5,Macho,0.033333333,Neutro,2003,,,,,,
131.5,Macho,0.033333333,Neutro,2003,,,,,,
154.5,Macho,0.033333333,Neutro,2003,,,,,,
166.5,Macho,0.033333333,Neutro,2003,,,,,,
201,Macho,0.033333333,Neutro,2003,,,,,,
145.5,Macho,0.033333333,Neutro,2003,,,,,,
160,Macho,0.033333333,Neutro,2003,,,,,,
134.5,Macho,0.033333333,Neutro,2003,,,,,,
204,Macho,0.033333333,Neutro,2003,,,,,,
156,Macho,0.033333333,Neutro,2003,,,,,,
152.5,Macho,0.033333333,Neutro,2003,,,,,,
168,Macho,0.033333333,Neutro,2003,,,,,,
187.5,Macho,0.033333333,Neutro,2003,,,,,,
190,Macho,0.033333333,Neutro,2003,,,,,,
153,Macho,0.033333333,Neutro,2003,,,,,,
168,Macho,0.033333333,Neutro,2003,,,,,,
147.5,Macho,0.033333333,Neutro,2003,,,,,,
107,Macho,0.033333333,Neutro,2003,,,,,,
153,Hembra,0.033333333,Neutro,2003,,,,,,
139.5,Hembra,0.033333333,Neutro,2003,,,,,,
200,Hembra,0.033333333,Neutro,2003,,,,,,
157.5,Hembra,0.033333333,Neutro,2003,,,,,,
127,Hembra,0.033333333,Neutro,2003,,,,,,
131,Hembra,0.033333333,Neutro,2003,,,,,,
144,Hembra,0.033333333,Neutro,2003,,,,,,
161,Hembra,0.033333333,Neutro,2003,,,,,,
138.5,Hembra,0.033333333,Neutro,2003,,,,,,
138.5,Hembra,0.033333333,Neutro,2003,,,,,,
149,Hembra,0.033333333,Neutro,2003,,,,,,
85.5,Hembra,0.033333333,Neutro,2003,,,,,,
124,Hembra,0.033333333,Neutro,2003,,,,,,
155,Hembra,0.033333333,Neutro,2003,,,,,,
142.5,Hembra,0.033333333,Neutro,2003,,,,,,
159.5,Hembra,0.033333333,Neutro,2003,,,,,,
141.5,Hembra,0.033333333,Neutro,2003,,,,,,
135,Hembra,0.033333333,Neutro,2003,,,,,,
162.5,Hembra,0.033333333,Neutro,2003,,,,,,
141.5,Hembra,0.033333333,Neutro,2003,,,,,,
144,Hembra,0.033333333,Neutro,2003,,,,,,
140,Hembra,0.033333333,Neutro,2003,,,,,,
149.5,Hembra,0.033333333,Neutro,2003,,,,,,
174,Hembra,0.033333333,Neutro,2003,,,,,,
167,Hembra,0.033333333,Neutro,2003,,,,,,
157,Hembra,0.033333333,Neutro,2003,,,,,,
99.5,Hembra,0.033333333,Neutro,2003,,,,,,
163.5,Hembra,0.033333333,Neutro,2003,,,,,,
183,Hembra,0.033333333,Neutro,2003,,,,,,
155,Hembra,0.033333333,Neutro,2003,,,,,,
155.5,Hembra,0.033333333,Neutro,2003,,,,,,
108.5,Hembra,0.033333333,Neutro,2003,,,,,,
118,Hembra,0.033333333,Neutro,2003,,,,,,
169,Hembra,0.033333333,Neutro,2003,,,,,,
148,Hembra,0.033333333,Neutro,2003,,,,,,
176,Hembra,0.033333333,Neutro,2003,,,,,,
152,Hembra,0.033333333,Neutro,2003,,,,,,
96,Hembra,0.033333333,Neutro,2003,,,,,,
163.5,Hembra,0.033333333,Neutro,2003,,,,,,
137,Hembra,0.033333333,Neutro,2003,,,,,,
166,Hembra,0.033333333,Neutro,2003,,,,,,
150.5,Hembra,0.033333333,Neutro,2003,,,,,,
106.5,Hembra,0.033333333,Neutro,2003,,,,,,
185,Hembra,0.033333333,Neutro,2003,,,,,,
176.5,Hembra,0.033333333,Neutro,2003,,,,,,
141.5,Hembra,0.033333333,Neutro,2003,,,,,,
160.5,Hembra,0.033333333,Neutro,2003,,,,,,
169,Hembra,0.033333333,Neutro,2003,,,,,,
187,Hembra,0.033333333,Neutro,2003,,,,,,
165.5,Hembra,0.033333333,Neutro,2003,,,,,,
143.5,Hembra,0.033333333,Neutro,2003,,,,,,
159.5,Hembra,0.033333333,Neutro,2003,,,,,,
156,Hembra,0.033333333,Neutro,2003,,,,,,
151,Hembra,0.033333333,Neutro,2003,,,,,,
172,Hembra,0.033333333,Neutro,2003,,,,,,
147.5,Hembra,0.033333333,Neutro,2003,,,,,,
136,Hembra,0.033333333,Neutro,2003,,,,,,
183,Hembra,0.033333333,Neutro,2003,,,,,,
187.5,Hembra,0.033333333,Neutro,2003,,,,,,
119,Hembra,0.033333333,Neutro,2003,,,,,,
149.5,Hembra,0.033333333,Neutro,2003,,,,,,
173.5,Hembra,0.033333333,Neutro,2003,,,,,,
159,Hembra,0.033333333,Neutro,2003,,,,,,
95.5,Macho,0.333333333,Neutro,2004,0.2,0.2,0.2,0.3,0.5,0.6
163,Macho,0.333333333,Neutro,2004,,,,,,
161,Macho,0.333333333,Neutro,2004,,,,,,
107.5,Macho,0.333333333,Neutro,2004,,,,,,
199.5,Macho,0.333333333,Neutro,2004,,,,,,
164,Macho,0.333333333,Neutro,2004,,,,,,
160,Macho,0.333333333,Neutro,2004,,,,,,
195,Macho,0.333333333,Neutro,2004,,,,,,
173.5,Macho,0.333333333,Neutro,2004,,,,,,
202.5,Macho,0.333333333,Neutro,2004,,,,,,
197.5,Macho,0.333333333,Neutro,2004,,,,,,
161,Macho,0.333333333,Neutro,2004,,,,,,
171,Macho,0.333333333,Neutro,2004,,,,,,
129,Macho,0.333333333,Neutro,2004,,,,,,
132.5,Macho,0.333333333,Neutro,2004,,,,,,
187,Macho,0.333333333,Neutro,2004,,,,,,
129.5,Macho,0.333333333,Neutro,2004,,,,,,
136.5,Macho,0.333333333,Neutro,2004,,,,,,
176.5,Macho,0.333333333,Neutro,2004,,,,,,
171.5,Macho,0.333333333,Neutro,2004,,,,,,
179,Macho,0.333333333,Neutro,2004,,,,,,
174,Macho,0.333333333,Neutro,2004,,,,,,
192,Macho,0.333333333,Neutro,2004,,,,,,
173.5,Macho,0.333333333,Neutro,2004,,,,,,
132.5,Macho,0.333333333,Neutro,2004,,,,,,
140,Macho,0.333333333,Neutro,2004,,,,,,
183,Macho,0.333333333,Neutro,2004,,,,,,
145,Macho,0.333333333,Neutro,2004,,,,,,
206,Macho,0.333333333,Neutro,2004,,,,,,
170.5,Macho,0.333333333,Neutro,2004,,,,,,
191.5,Macho,0.333333333,Neutro,2004,,,,,,
159,Macho,0.333333333,Neutro,2004,,,,,,
177.5,Macho,0.333333333,Neutro,2004,,,,,,
171.5,Macho,0.333333333,Neutro,2004,,,,,,
155,Macho,0.333333333,Neutro,2004,,,,,,
202,Macho,0.333333333,Neutro,2004,,,,,,
141.5,Macho,0.333333333,Neutro,2004,,,,,,
194,Macho,0.333333333,Neutro,2004,,,,,,
79,Macho,0.333333333,Neutro,2004,,,,,,
161,Macho,0.333333333,Neutro,2004,,,,,,
179,Macho,0.333333333,Neutro,2004,,,,,,
203,Macho,0.333333333,Neutro,2004,,,,,,
197,Macho,0.333333333,Neutro,2004,,,,,,
177.5,Macho,0.333333333,Neutro,2004,,,,,,
184,Macho,0.333333333,Neutro,2004,,,,,,
157.5,Macho,0.333333333,Neutro,2004,,,,,,
179,Macho,0.333333333,Neutro,2004,,,,,,
180,Macho,0.333333333,Neutro,2004,,,,,,
169,Macho,0.333333333,Neutro,2004,,,,,,
156,Macho,0.333333333,Neutro,2004,,,,,,
173.5,Macho,0.333333333,Neutro,2004,,,,,,
161.5,Macho,0.333333333,Neutro,2004,,,,,,
154.5,Macho,0.333333333,Neutro,2004,,,,,,
190,Macho,0.333333333,Neutro,2004,,,,,,
158,Macho,0.333333333,Neutro,2004,,,,,,
156.5,Macho,0.333333333,Neutro,2004,,,,,,
218.5,Macho,0.333333333,Neutro,2004,,,,,,
201.5,Macho,0.333333333,Neutro,2004,,,,,,
203,Hembra,0.333333333,Neutro,2004,,,,,,
135.5,Hembra,0.333333333,Neutro,2004,,,,,,
173.5,Hembra,0.333333333,Neutro,2004,,,,,,
100,Hembra,0.333333333,Neutro,2004,,,,,,
161,Hembra,0.333333333,Neutro,2004,,,,,,
150.5,Hembra,0.333333333,Neutro,2004,,,,,,
123.5,Hembra,0.333333333,Neutro,2004,,,,,,
157.5,Hembra,0.333333333,Neutro,2004,,,,,,
131.5,Hembra,0.333333333,Neutro,2004,,,,,,
138.5,Hembra,0.333333333,Neutro,2004,,,,,,
156.5,Hembra,0.333333333,Neutro,2004,,,,,,
94.5,Hembra,0.333333333,Neutro,2004,,,,,,
206,Hembra,0.333333333,Neutro,2004,,,,,,
181,Hembra,0.333333333,Neutro,2004,,,,,,
177.5,Hembra,0.333333333,Neutro,2004,,,,,,
184,Hembra,0.333333333,Neutro,2004,,,,,,
99.5,Hembra,0.333333333,Neutro,2004,,,,,,
154.5,Hembra,0.333333333,Neutro,2004,,,,,,
141.5,Hembra,0.333333333,Neutro,2004,,,,,,
156,Hembra,0.333333333,Neutro,2004,,,,,,
216.5,Hembra,0.333333333,Neutro,2004,,,,,,
165.5,Hembra,0.333333333,Neutro,2004,,,,,,
172,Hembra,0.333333333,Neutro,2004,,,,,,
169,Hembra,0.333333333,Neutro,2004,,,,,,
134,Hembra,0.333333333,Neutro,2004,,,,,,
145,Hembra,0.333333333,Neutro,2004,,,,,,
170,Hembra,0.333333333,Neutro,2004,,,,,,
145.5,Hembra,0.333333333,Neutro,2004,,,,,,
146.5,Hembra,0.333333333,Neutro,2004,,,,,,
127,Hembra,0.333333333,Neutro,2004,,,,,,
174.5,Hembra,0.333333333,Neutro,2004,,,,,,
162.5,Hembra,0.333333333,Neutro,2004,,,,,,
171,Hembra,0.333333333,Neutro,2004,,,,,,
158.5,Hembra,0.333333333,Neutro,2004,,,,,,
141,Hembra,0.333333333,Neutro,2004,,,,,,
166.5,Hembra,0.333333333,Neutro,2004,,,,,,
182.5,Hembra,0.333333333,Neutro,2004,,,,,,
150,Hembra,0.333333333,Neutro,2004,,,,,,
191.5,Hembra,0.333333333,Neutro,2004,,,,,,
142.5,Hembra,0.333333333,Neutro,2004,,,,,,
180.5,Hembra,0.333333333,Neutro,2004,,,,,,
120.5,Hembra,0.333333333,Neutro,2004,,,,,,
148.5,Hembra,0.333333333,Neutro,2004,,,,,,
152.5,Hembra,0.333333333,Neutro,2004,,,,,,
79,Hembra,0.333333333,Neutro,2004,,,,,,
175,Hembra,0.333333333,Neutro,2004,,,,,,
151,Hembra,0.333333333,Neutro,2004,,,,,,
126.5,Hembra,0.333333333,Neutro,2004,,,,,,
155,Hembra,0.333333333,Neutro,2004,,,,,,
139,Hembra,0.333333333,Neutro,2004,,,,,,
154,Hembra,0.333333333,Neutro,2004,,,,,,
110,Hembra,0.333333333,Neutro,2004,,,,,,
175,Hembra,0.333333333,Neutro,2004,,,,,,
168,Hembra,0.333333333,Neutro,2004,,,,,,
194,Hembra,0.333333333,Neutro,2004,,,,,,
135.5,Hembra,0.333333333,Neutro,2004,,,,,,
149,Hembra,0.333333333,Neutro,2004,,,,,,
160.5,Hembra,0.333333333,Neutro,2004,,,,,,
183.5,Macho,0.166666667,Neutro,2005,0.4,0.4,0.3,0.1,-0.1,-0.1
160,Macho,0.166666667,Neutro,2005,,,,,,
148,Macho,0.166666667,Neutro,2005,,,,,,
110.5,Macho,0.166666667,Neutro,2005,,,,,,
164,Macho,0.166666667,Neutro,2005,,,,,,
169.5,Macho,0.166666667,Neutro,2005,,,,,,
145,Macho,0.166666667,Neutro,2005,,,,,,
189,Macho,0.166666667,Neutro,2005,,,,,,
200,Macho,0.166666667,Neutro,2005,,,,,,
170.5,Macho,0.166666667,Neutro,2005,,,,,,
133,Macho,0.166666667,Neutro,2005,,,,,,
188,Macho,0.166666667,Neutro,2005,,,,,,
213.5,Macho,0.166666667,Neutro,2005,,,,,,
181.5,Macho,0.166666667,Neutro,2005,,,,,,
138,Macho,0.166666667,Neutro,2005,,,,,,
149,Macho,0.166666667,Neutro,2005,,,,,,
141.5,Macho,0.166666667,Neutro,2005,,,,,,
139,Macho,0.166666667,Neutro,2005,,,,,,
131.5,Macho,0.166666667,Neutro,2005,,,,,,
160,Macho,0.166666667,Neutro,2005,,,,,,
186.5,Macho,0.166666667,Neutro,2005,,,,,,
150,Macho,0.166666667,Neutro,2005,,,,,,
143.5,Macho,0.166666667,Neutro,2005,,,,,,
108.5,Macho,0.166666667,Neutro,2005,,,,,,
165,Macho,0.166666667,Neutro,2005,,,,,,
167.5,Macho,0.166666667,Neutro,2005,,,,,,
134,Macho,0.166666667,Neutro,2005,,,,,,
158,Macho,0.166666667,Neutro,2005,,,,,,
140.5,Macho,0.166666667,Neutro,2005,,,,,,
116.5,Macho,0.166666667,Neutro,2005,,,,,,
147,Macho,0.166666667,Neutro,2005,,,,,,
182,Macho,0.166666667,Neutro,2005,,,,,,
144.5,Macho,0.166666667,Neutro,2005,,,,,,
144.5,Macho,0.166666667,Neutro,2005,,,,,,
215,Macho,0.166666667,Neutro,2005,,,,,,
123,Macho,0.166666667,Neutro,2005,,,,,,
182,Macho,0.166666667,Neutro,2005,,,,,,
174.5,Macho,0.166666667,Neutro,2005,,,,,,
134.5,Macho,0.166666667,Neutro,2005,,,,,,
152.5,Macho,0.166666667,Neutro,2005,,,,,,
150,Macho,0.166666667,Neutro,2005,,,,,,
167,Macho,0.166666667,Neutro,2005,,,,,,
140,Macho,0.166666667,Neutro,2005,,,,,,
178.5,Macho,0.166666667,Neutro,2005,,,,,,
183,Macho,0.166666667,Neutro,2005,,,,,,
142.5,Hembra,0.166666667,Neutro,2005,,,,,,
141.5,Hembra,0.166666667,Neutro,2005,,,,,,
136,Hembra,0.166666667,Neutro,2005,,,,,,
140.5,Hembra,0.166666667,Neutro,2005,,,,,,
148.5,Hembra,0.166666667,Neutro,2005,,,,,,
180.5,Hembra,0.166666667,Neutro,2005,,,,,,
153,Hembra,0.166666667,Neutro,2005,,,,,,
142,Hembra,0.166666667,Neutro,2005,,,,,,
170.5,Hembra,0.166666667,Neutro,2005,,,,,,
161,Hembra,0.166666667,Neutro,2005,,,,,,
115.5,Hembra,0.166666667,Neutro,2005,,,,,,
118,Hembra,0.166666667,Neutro,2005,,,,,,
133,Hembra,0.166666667,Neutro,2005,,,,,,
136,Hembra,0.166666667,Neutro,2005,,,,,,
146.5,Hembra,0.166666667,Neutro,2005,,,,,,
117.5,Hembra,0.166666667,Neutro,2005,,,,,,
147,Hembra,0.166666667,Neutro,2005,,,,,,
145,Hembra,0.166666667,Neutro,2005,,,,,,
176.5,Hembra,0.166666667,Neutro,2005,,,,,,
156,Hembra,0.166666667,Neutro,2005,,,,,,
141.5,Hembra,0.166666667,Neutro,2005,,,,,,
150.5,Hembra,0.166666667,Neutro,2005,,,,,,
166,Hembra,0.166666667,Neutro,2005,,,,,,
122.5,Hembra,0.166666667,Neutro,2005,,,,,,
142.5,Hembra,0.166666667,Neutro,2005,,,,,,
129.5,Hembra,0.166666667,Neutro,2005,,,,,,
177.5,Hembra,0.166666667,Neutro,2005,,,,,,
172.6,Hembra,0.166666667,Neutro,2005,,,,,,
107.5,Hembra,0.166666667,Neutro,2005,,,,,,
136,Hembra,0.166666667,Neutro,2005,,,,,,
166,Hembra,0.166666667,Neutro,2005,,,,,,
154.5,Hembra,0.166666667,Neutro,2005,,,,,,
157.5,Hembra,0.166666667,Neutro,2005,,,,,,
140,Hembra,0.166666667,Neutro,2005,,,,,,
167.5,Hembra,0.166666667,Neutro,2005,,,,,,
143,Hembra,0.166666667,Neutro,2005,,,,,,
170,Hembra,0.166666667,Neutro,2005,,,,,,
168,Hembra,0.166666667,Neutro,2005,,,,,,
185.5,Hembra,0.166666667,Neutro,2005,,,,,,
143,Hembra,0.166666667,Neutro,2005,,,,,,
145,Hembra,0.166666667,Neutro,2005,,,,,,
148,Hembra,0.166666667,Neutro,2005,,,,,,
138.5,Hembra,0.166666667,Neutro,2005,,,,,,
71.5,Hembra,0.166666667,Neutro,2005,,,,,,
157,Hembra,0.166666667,Neutro,2005,,,,,,
134,Hembra,0.166666667,Neutro,2005,,,,,,
161.5,Hembra,0.166666667,Neutro,2005,,,,,,
151,Hembra,0.166666667,Neutro,2005,,,,,,
181,Hembra,0.166666667,Neutro,2005,,,,,,
153,Hembra,0.166666667,Neutro,2005,,,,,,
162,Hembra,0.166666667,Neutro,2005,,,,,,
208.5,Hembra,0.166666667,Neutro,2005,,,,,,
152.5,Hembra,0.166666667,Neutro,2005,,,,,,
152.5,Hembra,0.166666667,Neutro,2005,,,,,,
157.5,Hembra,0.166666667,Neutro,2005,,,,,,
182,Macho,-0.066666667,Neutro,2006,-0.5,-0.3,0,0,0.1,0.3
156.5,Macho,-0.066666667,Neutro,2006,,,,,,
171,Macho,-0.066666667,Neutro,2006,,,,,,
179.5,Macho,-0.066666667,Neutro,2006,,,,,,
183.5,Macho,-0.066666667,Neutro,2006,,,,,,
183,Macho,-0.066666667,Neutro,2006,,,,,,
150,Macho,-0.066666667,Neutro,2006,,,,,,
173,Macho,-0.066666667,Neutro,2006,,,,,,
210,Macho,-0.066666667,Neutro,2006,,,,,,
177,Macho,-0.066666667,Neutro,2006,,,,,,
177.5,Macho,-0.066666667,Neutro,2006,,,,,,
199.5,Macho,-0.066666667,Neutro,2006,,,,,,
186.5,Macho,-0.066666667,Neutro,2006,,,,,,
173,Macho,-0.066666667,Neutro,2006,,,,,,
130.5,Macho,-0.066666667,Neutro,2006,,,,,,
133.5,Macho,-0.066666667,Neutro,2006,,,,,,
185,Macho,-0.066666667,Neutro,2006,,,,,,
185.5,Macho,-0.066666667,Neutro,2006,,,,,,
158,Macho,-0.066666667,Neutro,2006,,,,,,
152.5,Macho,-0.066666667,Neutro,2006,,,,,,
125.5,Macho,-0.066666667,Neutro,2006,,,,,,
176.5,Macho,-0.066666667,Neutro,2006,,,,,,
166,Macho,-0.066666667,Neutro,2006,,,,,,
121,Macho,-0.066666667,Neutro,2006,,,,,,
179.5,Macho,-0.066666667,Neutro,2006,,,,,,
182,Macho,-0.066666667,Neutro,2006,,,,,,
184.5,Macho,-0.066666667,Neutro,2006,,,,,,
144.5,Macho,-0.066666667,Neutro,2006,,,,,,
166,Macho,-0.066666667,Neutro,2006,,,,,,
189,Macho,-0.066666667,Neutro,2006,,,,,,
170,Macho,-0.066666667,Neutro,2006,,,,,,
167,Macho,-0.066666667,Neutro,2006,,,,,,
150.5,Macho,-0.066666667,Neutro,2006,,,,,,
141.5,Macho,-0.066666667,Neutro,2006,,,,,,
155.5,Macho,-0.066666667,Neutro,2006,,,,,,
185,Macho,-0.066666667,Neutro,2006,,,,,,
143.5,Macho,-0.066666667,Neutro,2006,,,,,,
170.5,Macho,-0.066666667,Neutro,2006,,,,,,
149,Macho,-0.066666667,Neutro,2006,,,,,,
184,Macho,-0.066666667,Neutro,2006,,,,,,
176.5,Macho,-0.066666667,Neutro,2006,,,,,,
201,Macho,-0.066666667,Neutro,2006,,,,,,
185,Macho,-0.066666667,Neutro,2006,,,,,,
173,Macho,-0.066666667,Neutro,2006,,,,,,
173.5,Macho,-0.066666667,Neutro,2006,,,,,,
167,Macho,-0.066666667,Neutro,2006,,,,,,
185.5,Macho,-0.066666667,Neutro,2006,,,,,,
167,Macho,-0.066666667,Neutro,2006,,,,,,
183,Macho,-0.066666667,Neutro,2006,,,,,,
177.5,Macho,-0.066666667,Neutro,2006,,,,,,
136.5,Macho,-0.066666667,Neutro,2006,,,,,,
131,Macho,-0.066666667,Neutro,2006,,,,,,
159.5,Macho,-0.066666667,Neutro,2006,,,,,,
171.5,Macho,-0.066666667,Neutro,2006,,,,,,
164,Macho,-0.066666667,Neutro,2006,,,,,,
124.5,Macho,-0.066666667,Neutro,2006,,,,,,
189,Macho,-0.066666667,Neutro,2006,,,,,,
158.5,Macho,-0.066666667,Neutro,2006,,,,,,
194.5,Macho,-0.066666667,Neutro,2006,,,,,,
154,Macho,-0.066666667,Neutro,2006,,,,,,
184.5,Macho,-0.066666667,Neutro,2006,,,,,,
157.5,Macho,-0.066666667,Neutro,2006,,,,,,
202,Macho,-0.066666667,Neutro,2006,,,,,,
198.5,Macho,-0.066666667,Neutro,2006,,,,,,
179.5,Macho,-0.066666667,Neutro,2006,,,,,,
133,Macho,-0.066666667,Neutro,2006,,,,,,
161,Macho,-0.066666667,Neutro,2006,,,,,,
205,Macho,-0.066666667,Neutro,2006,,,,,,
173,Macho,-0.066666667,Neutro,2006,,,,,,
197,Macho,-0.066666667,Neutro,2006,,,,,,
181.5,Macho,-0.066666667,Neutro,2006,,,,,,
189,Macho,-0.066666667,Neutro,2006,,,,,,
163,Macho,-0.066666667,Neutro,2006,,,,,,
152.5,Macho,-0.066666667,Neutro,2006,,,,,,
154,Macho,-0.066666667,Neutro,2006,,,,,,
144,Macho,-0.066666667,Neutro,2006,,,,,,
158.5,Macho,-0.066666667,Neutro,2006,,,,,,
158,Macho,-0.066666667,Neutro,2006,,,,,,
126.5,Macho,-0.066666667,Neutro,2006,,,,,,
161.5,Macho,-0.066666667,Neutro,2006,,,,,,
187.5,Macho,-0.066666667,Neutro,2006,,,,,,
171.5,Macho,-0.066666667,Neutro,2006,,,,,,
158,Macho,-0.066666667,Neutro,2006,,,,,,
210,Macho,-0.066666667,Neutro,2006,,,,,,
148,Macho,-0.066666667,Neutro,2006,,,,,,
163.5,Macho,-0.066666667,Neutro,2006,,,,,,
164,Macho,-0.066666667,Neutro,2006,,,,,,
186,Hembra,-0.066666667,Neutro,2006,,,,,,
176,Hembra,-0.066666667,Neutro,2006,,,,,,
157.5,Hembra,-0.066666667,Neutro,2006,,,,,,
148,Hembra,-0.066666667,Neutro,2006,,,,,,
98,Hembra,-0.066666667,Neutro,2006,,,,,,
153.5,Hembra,-0.066666667,Neutro,2006,,,,,,
127.5,Hembra,-0.066666667,Neutro,2006,,,,,,
172,Hembra,-0.066666667,Neutro,2006,,,,,,
157,Hembra,-0.066666667,Neutro,2006,,,,,,
189,Hembra,-0.066666667,Neutro,2006,,,,,,
155,Hembra,-0.066666667,Neutro,2006,,,,,,
113,Hembra,-0.066666667,Neutro,2006,,,,,,
171.5,Hembra,-0.066666667,Neutro,2006,,,,,,
129.5,Hembra,-0.066666667,Neutro,2006,,,,,,
146.5,Hembra,-0.066666667,Neutro,2006,,,,,,
141.5,Hembra,-0.066666667,Neutro,2006,,,,,,
179,Hembra,-0.066666667,Neutro,2006,,,,,,
166.5,Hembra,-0.066666667,Neutro,2006,,,,,,
146,Hembra,-0.066666667,Neutro,2006,,,,,,
161.5,Hembra,-0.066666667,Neutro,2006,,,,,,
158,Hembra,-0.066666667,Neutro,2006,,,,,,
204.5,Hembra,-0.066666667,Neutro,2006,,,,,,
147.5,Hembra,-0.066666667,Neutro,2006,,,,,,
157,Hembra,-0.066666667,Neutro,2006,,,,,,
179,Hembra,-0.066666667,Neutro,2006,,,,,,
187.5,Hembra,-0.066666667,Neutro,2006,,,,,,
199.5,Hembra,-0.066666667,Neutro,2006,,,,,,
171,Hembra,-0.066666667,Neutro,2006,,,,,,
225.5,Hembra,-0.066666667,Neutro,2006,,,,,,
143.5,Hembra,-0.066666667,Neutro,2006,,,,,,
185.5,Hembra,-0.066666667,Neutro,2006,,,,,,
142.5,Hembra,-0.066666667,Neutro,2006,,,,,,
141.5,Hembra,-0.066666667,Neutro,2006,,,,,,
133.5,Hembra,-0.066666667,Neutro,2006,,,,,,
150.5,Hembra,-0.066666667,Neutro,2006,,,,,,
185.5,Hembra,-0.066666667,Neutro,2006,,,,,,
151.5,Hembra,-0.066666667,Neutro,2006,,,,,,
179,Hembra,-0.066666667,Neutro,2006,,,,,,
147.5,Hembra,-0.066666667,Neutro,2006,,,,,,
162,Hembra,-0.066666667,Neutro,2006,,,,,,
160.5,Hembra,-0.066666667,Neutro,2006,,,,,,
220.5,Hembra,-0.066666667,Neutro,2006,,,,,,
162,Hembra,-0.066666667,Neutro,2006,,,,,,
155.5,Hembra,-0.066666667,Neutro,2006,,,,,,
207,Hembra,-0.066666667,Neutro,2006,,,,,,
141.5,Hembra,-0.066666667,Neutro,2006,,,,,,
179.5,Hembra,-0.066666667,Neutro,2006,,,,,,
147,Hembra,-0.066666667,Neutro,2006,,,,,,
102,Hembra,-0.066666667,Neutro,2006,,,,,,
130,Hembra,-0.066666667,Neutro,2006,,,,,,
142.5,Hembra,-0.066666667,Neutro,2006,,,,,,
154,Hembra,-0.066666667,Neutro,2006,,,,,,
166,Hembra,-0.066666667,Neutro,2006,,,,,,
186.5,Hembra,-0.066666667,Neutro,2006,,,,,,
191,Hembra,-0.066666667,Neutro,2006,,,,,,
175.5,Hembra,-0.066666667,Neutro,2006,,,,,,
101.5,Hembra,-0.066666667,Neutro,2006,,,,,,
134,Hembra,-0.066666667,Neutro,2006,,,,,,
145,Hembra,-0.066666667,Neutro,2006,,,,,,
179.5,Hembra,-0.066666667,Neutro,2006,,,,,,
119.5,Macho,-0.366666667,Neutro,2007,0,-0.2,-0.3,-0.4,-0.5,-0.8
121.5,Macho,-0.366666667,Neutro,2007,,,,,,
161.5,Macho,-0.366666667,Neutro,2007,,,,,,
210.5,Macho,-0.366666667,Neutro,2007,,,,,,
192.5,Macho,-0.366666667,Neutro,2007,,,,,,
155,Macho,-0.366666667,Neutro,2007,,,,,,
165,Macho,-0.366666667,Neutro,2007,,,,,,
178,Macho,-0.366666667,Neutro,2007,,,,,,
179.5,Macho,-0.366666667,Neutro,2007,,,,,,
168,Macho,-0.366666667,Neutro,2007,,,,,,
213.5,Macho,-0.366666667,Neutro,2007,,,,,,
217.5,Macho,-0.366666667,Neutro,2007,,,,,,
170.5,Macho,-0.366666667,Neutro,2007,,,,,,
175.5,Macho,-0.366666667,Neutro,2007,,,,,,
191.5,Macho,-0.366666667,Neutro,2007,,,,,,
166,Macho,-0.366666667,Neutro,2007,,,,,,
120.5,Macho,-0.366666667,Neutro,2007,,,,,,
95,Macho,-0.366666667,Neutro,2007,,,,,,
181,Macho,-0.366666667,Neutro,2007,,,,,,
163,Macho,-0.366666667,Neutro,2007,,,,,,
180.5,Macho,-0.366666667,Neutro,2007,,,,,,
156,Macho,-0.366666667,Neutro,2007,,,,,,
182.5,Macho,-0.366666667,Neutro,2007,,,,,,
173.5,Macho,-0.366666667,Neutro,2007,,,,,,
120,Macho,-0.366666667,Neutro,2007,,,,,,
173,Macho,-0.366666667,Neutro,2007,,,,,,
148.5,Macho,-0.366666667,Neutro,2007,,,,,,
161,Macho,-0.366666667,Neutro,2007,,,,,,
203,Macho,-0.366666667,Neutro,2007,,,,,,
194.5,Macho,-0.366666667,Neutro,2007,,,,,,
186.5,Macho,-0.366666667,Neutro,2007,,,,,,
185.5,Macho,-0.366666667,Neutro,2007,,,,,,
179,Macho,-0.366666667,Neutro,2007,,,,,,
169.5,Macho,-0.366666667,Neutro,2007,,,,,,
165,Macho,-0.366666667,Neutro,2007,,,,,,
199.5,Macho,-0.366666667,Neutro,2007,,,,,,
188,Macho,-0.366666667,Neutro,2007,,,,,,
166,Macho,-0.366666667,Neutro,2007,,,,,,
171,Macho,-0.366666667,Neutro,2007,,,,,,
174.5,Macho,-0.366666667,Neutro,2007,,,,,,
177.5,Macho,-0.366666667,Neutro,2007,,,,,,
196.5,Macho,-0.366666667,Neutro,2007,,,,,,
140,Macho,-0.366666667,Neutro,2007,,,,,,
179,Macho,-0.366666667,Neutro,2007,,,,,,
161,Hembra,-0.366666667,Neutro,2007,,,,,,
129.5,Hembra,-0.366666667,Neutro,2007,,,,,,
108,Hembra,-0.366666667,Neutro,2007,,,,,,
153,Hembra,-0.366666667,Neutro,2007,,,,,,
118.5,Hembra,-0.366666667,Neutro,2007,,,,,,
180.5,Hembra,-0.366666667,Neutro,2007,,,,,,
130.5,Hembra,-0.366666667,Neutro,2007,,,,,,
116.5,Hembra,-0.366666667,Neutro,2007,,,,,,
155,Hembra,-0.366666667,Neutro,2007,,,,,,
153,Hembra,-0.366666667,Neutro,2007,,,,,,
223,Hembra,-0.366666667,Neutro,2007,,,,,,
97.5,Hembra,-0.366666667,Neutro,2007,,,,,,
147,Hembra,-0.366666667,Neutro,2007,,,,,,
167.5,Hembra,-0.366666667,Neutro,2007,,,,,,
170.5,Hembra,-0.366666667,Neutro,2007,,,,,,
140,Hembra,-0.366666667,Neutro,2007,,,,,,
123.5,Hembra,-0.366666667,Neutro,2007,,,,,,
135.5,Hembra,-0.366666667,Neutro,2007,,,,,,
180.5,Hembra,-0.366666667,Neutro,2007,,,,,,
190,Hembra,-0.366666667,Neutro,2007,,,,,,
154,Hembra,-0.366666667,Neutro,2007,,,,,,
162,Hembra,-0.366666667,Neutro,2007,,,,,,
163,Hembra,-0.366666667,Neutro,2007,,,,,,
135,Hembra,-0.366666667,Neutro,2007,,,,,,
130,Hembra,-0.366666667,Neutro,2007,,,,,,
150.5,Hembra,-0.366666667,Neutro,2007,,,,,,
135,Hembra,-0.366666667,Neutro,2007,,,,,,
113.5,Hembra,-0.366666667,Neutro,2007,,,,,,
166,Hembra,-0.366666667,Neutro,2007,,,,,,
152,Hembra,-0.366666667,Neutro,2007,,,,,,
166.5,Hembra,-0.366666667,Neutro,2007,,,,,,
96.5,Hembra,-0.366666667,Neutro,2007,,,,,,
127,Hembra,-0.366666667,Neutro,2007,,,,,,
150,Hembra,-0.366666667,Neutro,2007,,,,,,
167.5,Hembra,-0.366666667,Neutro,2007,,,,,,
160.5,Hembra,-0.366666667,Neutro,2007,,,,,,
135,Hembra,-0.366666667,Neutro,2007,,,,,,
162.5,Hembra,-0.366666667,Neutro,2007,,,,,,
148,Hembra,-0.366666667,Neutro,2007,,,,,,
166,Hembra,-0.366666667,Neutro,2007,,,,,,
173,Hembra,-0.366666667,Neutro,2007,,,,,,
184.5,Hembra,-0.366666667,Neutro,2007,,,,,,
162,Hembra,-0.366666667,Neutro,2007,,,,,,
145,Hembra,-0.366666667,Neutro,2007,,,,,,
170,Hembra,-0.366666667,Neutro,2007,,,,,,
133,Hembra,-0.366666667,Neutro,2007,,,,,,
177,Hembra,-0.366666667,Neutro,2007,,,,,,
171,Hembra,-0.366666667,Neutro,2007,,,,,,
147.5,Hembra,-0.366666667,Neutro,2007,,,,,,
170.5,Hembra,-0.366666667,Neutro,2007,,,,,,
132,Hembra,-0.366666667,Neutro,2007,,,,,,
173.5,Hembra,-0.366666667,Neutro,2007,,,,,,
147.5,Hembra,-0.366666667,Neutro,2007,,,,,,
160,Hembra,-0.366666667,Neutro,2007,,,,,,
154,Hembra,-0.366666667,Neutro,2007,,,,,,
182.5,Macho,-0.683333333,Niña,2008,-1.2,-0.9,-0.8,-0.5,-0.4,-0.3
187.5,Macho,-0.683333333,Niña,2008,,,,,,
117,Macho,-0.683333333,Niña,2008,,,,,,
163.5,Macho,-0.683333333,Niña,2008,,,,,,
150,Macho,-0.683333333,Niña,2008,,,,,,
178.5,Macho,-0.683333333,Niña,2008,,,,,,
105,Macho,-0.683333333,Niña,2008,,,,,,
141,Macho,-0.683333333,Niña,2008,,,,,,
161,Macho,-0.683333333,Niña,2008,,,,,,
211,Macho,-0.683333333,Niña,2008,,,,,,
192.5,Macho,-0.683333333,Niña,2008,,,,,,
222.5,Macho,-0.683333333,Niña,2008,,,,,,
171.5,Macho,-0.683333333,Niña,2008,,,,,,
201,Macho,-0.683333333,Niña,2008,,,,,,
205.5,Macho,-0.683333333,Niña,2008,,,,,,
145,Macho,-0.683333333,Niña,2008,,,,,,
178,Macho,-0.683333333,Niña,2008,,,,,,
184,Macho,-0.683333333,Niña,2008,,,,,,
218.5,Macho,-0.683333333,Niña,2008,,,,,,
175,Macho,-0.683333333,Niña,2008,,,,,,
108.5,Macho,-0.683333333,Niña,2008,,,,,,
170,Macho,-0.683333333,Niña,2008,,,,,,
203,Macho,-0.683333333,Niña,2008,,,,,,
176.5,Macho,-0.683333333,Niña,2008,,,,,,
116,Macho,-0.683333333,Niña,2008,,,,,,
179,Macho,-0.683333333,Niña,2008,,,,,,
176.5,Macho,-0.683333333,Niña,2008,,,,,,
194,Macho,-0.683333333,Niña,2008,,,,,,
159.5,Macho,-0.683333333,Niña,2008,,,,,,
186.5,Macho,-0.683333333,Niña,2008,,,,,,
178,Macho,-0.683333333,Niña,2008,,,,,,
156.5,Macho,-0.683333333,Niña,2008,,,,,,
187,Macho,-0.683333333,Niña,2008,,,,,,
180.5,Macho,-0.683333333,Niña,2008,,,,,,
151.5,Macho,-0.683333333,Niña,2008,,,,,,
114.5,Macho,-0.683333333,Niña,2008,,,,,,
147,Macho,-0.683333333,Niña,2008,,,,,,
147,Macho,-0.683333333,Niña,2008,,,,,,
136,Macho,-0.683333333,Niña,2008,,,,,,
132,Macho,-0.683333333,Niña,2008,,,,,,
112.5,Macho,-0.683333333,Niña,2008,,,,,,
109,Macho,-0.683333333,Niña,2008,,,,,,
175.5,Macho,-0.683333333,Niña,2008,,,,,,
148.5,Macho,-0.683333333,Niña,2008,,,,,,
146,Macho,-0.683333333,Niña,2008,,,,,,
199,Macho,-0.683333333,Niña,2008,,,,,,
170,Macho,-0.683333333,Niña,2008,,,,,,
111.5,Macho,-0.683333333,Niña,2008,,,,,,
167,Macho,-0.683333333,Niña,2008,,,,,,
186,Macho,-0.683333333,Niña,2008,,,,,,
171,Macho,-0.683333333,Niña,2008,,,,,,
159,Macho,-0.683333333,Niña,2008,,,,,,
190,Macho,-0.683333333,Niña,2008,,,,,,
140.5,Hembra,-0.683333333,Niña,2008,,,,,,
171,Hembra,-0.683333333,Niña,2008,,,,,,
178,Hembra,-0.683333333,Niña,2008,,,,,,
190,Hembra,-0.683333333,Niña,2008,,,,,,
161,Hembra,-0.683333333,Niña,2008,,,,,,
162,Hembra,-0.683333333,Niña,2008,,,,,,
180.5,Hembra,-0.683333333,Niña,2008,,,,,,
148,Hembra,-0.683333333,Niña,2008,,,,,,
129.5,Hembra,-0.683333333,Niña,2008,,,,,,
154.5,Hembra,-0.683333333,Niña,2008,,,,,,
158,Hembra,-0.683333333,Niña,2008,,,,,,
148,Hembra,-0.683333333,Niña,2008,,,,,,
166.5,Hembra,-0.683333333,Niña,2008,,,,,,
140.5,Hembra,-0.683333333,Niña,2008,,,,,,
126,Hembra,-0.683333333,Niña,2008,,,,,,
158,Hembra,-0.683333333,Niña,2008,,,,,,
188,Hembra,-0.683333333,Niña,2008,,,,,,
158,Hembra,-0.683333333,Niña,2008,,,,,,
188.5,Hembra,-0.683333333,Niña,2008,,,,,,
200.5,Hembra,-0.683333333,Niña,2008,,,,,,
189.5,Hembra,-0.683333333,Niña,2008,,,,,,
144,Hembra,-0.683333333,Niña,2008,,,,,,
165,Hembra,-0.683333333,Niña,2008,,,,,,
146,Hembra,-0.683333333,Niña,2008,,,,,,
196.5,Hembra,-0.683333333,Niña,2008,,,,,,
176,Hembra,-0.683333333,Niña,2008,,,,,,
169.5,Hembra,-0.683333333,Niña,2008,,,,,,
183.5,Hembra,-0.683333333,Niña,2008,,,,,,
122,Hembra,-0.683333333,Niña,2008,,,,,,
160,Hembra,-0.683333333,Niña,2008,,,,,,
167.5,Hembra,-0.683333333,Niña,2008,,,,,,
173,Hembra,-0.683333333,Niña,2008,,,,,,
172,Hembra,-0.683333333,Niña,2008,,,,,,
105,Hembra,-0.683333333,Niña,2008,,,,,,
168.5,Hembra,-0.683333333,Niña,2008,,,,,,
171,Hembra,-0.683333333,Niña,2008,,,,,,
147.5,Hembra,-0.683333333,Niña,2008,,,,,,
140.5,Hembra,-0.683333333,Niña,2008,,,,,,
164.5,Hembra,-0.683333333,Niña,2008,,,,,,
139,Hembra,-0.683333333,Niña,2008,,,,,,
167.5,Hembra,-0.683333333,Niña,2008,,,,,,
166,Hembra,-0.683333333,Niña,2008,,,,,,
170.5,Hembra,-0.683333333,Niña,2008,,,,,,
174,Hembra,-0.683333333,Niña,2008,,,,,,
176.5,Hembra,-0.683333333,Niña,2008,,,,,,
198,Hembra,-0.683333333,Niña,2008,,,,,,
188,Hembra,-0.683333333,Niña,2008,,,,,,
176.5,Hembra,-0.683333333,Niña,2008,,,,,,
147,Hembra,-0.683333333,Niña,2008,,,,,,
168.5,Hembra,-0.683333333,Niña,2008,,,,,,
175.5,Hembra,-0.683333333,Niña,2008,,,,,,
148.5,Hembra,-0.683333333,Niña,2008,,,,,,
147.5,Hembra,-0.683333333,Niña,2008,,,,,,
162.5,Hembra,-0.683333333,Niña,2008,,,,,,
88,Hembra,-0.683333333,Niña,2008,,,,,,
176.5,Hembra,-0.683333333,Niña,2008,,,,,,
134,Hembra,-0.683333333,Niña,2008,,,,,,
168.5,Hembra,-0.683333333,Niña,2008,,,,,,
175.5,Hembra,-0.683333333,Niña,2008,,,,,,
194,Hembra,-0.683333333,Niña,2008,,,,,,
172.5,Hembra,-0.683333333,Niña,2008,,,,,,
168,Hembra,-0.683333333,Niña,2008,,,,,,
180,Hembra,-0.683333333,Niña,2008,,,,,,
152,Hembra,-0.683333333,Niña,2008,,,,,,
165,Hembra,-0.683333333,Niña,2008,,,,,,
190,Hembra,-0.683333333,Niña,2008,,,,,,
187.5,Macho,-0.3,Neutro,2010,0.9,0.4,-0.1,-0.6,-1,-1.4
215,Macho,-0.3,Neutro,2010,,,,,,
121,Macho,-0.3,Neutro,2010,,,,,,
192.5,Macho,-0.3,Neutro,2010,,,,,,
158.5,Macho,-0.3,Neutro,2010,,,,,,
191.5,Macho,-0.3,Neutro,2010,,,,,,
180,Macho,-0.3,Neutro,2010,,,,,,
141,Macho,-0.3,Neutro,2010,,,,,,
162.5,Macho,-0.3,Neutro,2010,,,,,,
208.5,Macho,-0.3,Neutro,2010,,,,,,
168,Macho,-0.3,Neutro,2010,,,,,,
131.5,Macho,-0.3,Neutro,2010,,,,,,
150,Macho,-0.3,Neutro,2010,,,,,,
191,Macho,-0.3,Neutro,2010,,,,,,
180,Macho,-0.3,Neutro,2010,,,,,,
170.5,Macho,-0.3,Neutro,2010,,,,,,
159,Macho,-0.3,Neutro,2010,,,,,,
180,Macho,-0.3,Neutro,2010,,,,,,
115,Macho,-0.3,Neutro,2010,,,,,,
176.5,Macho,-0.3,Neutro,2010,,,,,,
133.5,Macho,-0.3,Neutro,2010,,,,,,
190.5,Macho,-0.3,Neutro,2010,,,,,,
168,Macho,-0.3,Neutro,2010,,,,,,
155,Macho,-0.3,Neutro,2010,,,,,,
158,Macho,-0.3,Neutro,2010,,,,,,
182,Macho,-0.3,Neutro,2010,,,,,,
102.5,Macho,-0.3,Neutro,2010,,,,,,
210.5,Macho,-0.3,Neutro,2010,,,,,,
95.5,Macho,-0.3,Neutro,2010,,,,,,
173.5,Macho,-0.3,Neutro,2010,,,,,,
179,Macho,-0.3,Neutro,2010,,,,,,
152,Macho,-0.3,Neutro,2010,,,,,,
187,Macho,-0.3,Neutro,2010,,,,,,
147.5,Macho,-0.3,Neutro,2010,,,,,,
130,Macho,-0.3,Neutro,2010,,,,,,
127.5,Macho,-0.3,Neutro,2010,,,,,,
117,Macho,-0.3,Neutro,2010,,,,,,
131,Macho,-0.3,Neutro,2010,,,,,,
169.5,Macho,-0.3,Neutro,2010,,,,,,
122.5,Macho,-0.3,Neutro,2010,,,,,,
153.5,Macho,-0.3,Neutro,2010,,,,,,
171.5,Macho,-0.3,Neutro,2010,,,,,,
170,Macho,-0.3,Neutro,2010,,,,,,
198,Macho,-0.3,Neutro,2010,,,,,,
206,Macho,-0.3,Neutro,2010,,,,,,
147.5,Macho,-0.3,Neutro,2010,,,,,,
138,Macho,-0.3,Neutro,2010,,,,,,
176.5,Macho,-0.3,Neutro,2010,,,,,,
181,Macho,-0.3,Neutro,2010,,,,,,
189,Macho,-0.3,Neutro,2010,,,,,,
140,Macho,-0.3,Neutro,2010,,,,,,
180,Macho,-0.3,Neutro,2010,,,,,,
116.5,Macho,-0.3,Neutro,2010,,,,,,
119,Macho,-0.3,Neutro,2010,,,,,,
151,Macho,-0.3,Neutro,2010,,,,,,
105,Macho,-0.3,Neutro,2010,,,,,,
152,Macho,-0.3,Neutro,2010,,,,,,
160,Macho,-0.3,Neutro,2010,,,,,,
160.5,Macho,-0.3,Neutro,2010,,,,,,
114.5,Macho,-0.3,Neutro,2010,,,,,,
126.5,Hembra,-0.3,Neutro,2010,,,,,,
148.5,Hembra,-0.3,Neutro,2010,,,,,,
149.5,Hembra,-0.3,Neutro,2010,,,,,,
188,Hembra,-0.3,Neutro,2010,,,,,,
210,Hembra,-0.3,Neutro,2010,,,,,,
174.5,Hembra,-0.3,Neutro,2010,,,,,,
168.5,Hembra,-0.3,Neutro,2010,,,,,,
184,Hembra,-0.3,Neutro,2010,,,,,,
193.5,Hembra,-0.3,Neutro,2010,,,,,,
196.5,Hembra,-0.3,Neutro,2010,,,,,,
185,Hembra,-0.3,Neutro,2010,,,,,,
168,Hembra,-0.3,Neutro,2010,,,,,,
138.5,Hembra,-0.3,Neutro,2010,,,,,,
152.5,Hembra,-0.3,Neutro,2010,,,,,,
105.5,Hembra,-0.3,Neutro,2010,,,,,,
173,Hembra,-0.3,Neutro,2010,,,,,,
157.5,Hembra,-0.3,Neutro,2010,,,,,,
195,Hembra,-0.3,Neutro,2010,,,,,,
163,Hembra,-0.3,Neutro,2010,,,,,,
215,Hembra,-0.3,Neutro,2010,,,,,,
67.5,Hembra,-0.3,Neutro,2010,,,,,,
171.5,Hembra,-0.3,Neutro,2010,,,,,,
121.5,Hembra,-0.3,Neutro,2010,,,,,,
167.5,Hembra,-0.3,Neutro,2010,,,,,,
132.5,Hembra,-0.3,Neutro,2010,,,,,,
138.5,Hembra,-0.3,Neutro,2010,,,,,,
126.5,Hembra,-0.3,Neutro,2010,,,,,,
203,Hembra,-0.3,Neutro,2010,,,,,,
183,Hembra,-0.3,Neutro,2010,,,,,,
132.5,Hembra,-0.3,Neutro,2010,,,,,,
156,Hembra,-0.3,Neutro,2010,,,,,,
199,Hembra,-0.3,Neutro,2010,,,,,,
139.5,Hembra,-0.3,Neutro,2010,,,,,,
159.5,Hembra,-0.3,Neutro,2010,,,,,,
138.5,Hembra,-0.3,Neutro,2010,,,,,,
136,Hembra,-0.3,Neutro,2010,,,,,,
135,Hembra,-0.3,Neutro,2010,,,,,,
154,Hembra,-0.3,Neutro,2010,,,,,,
163,Hembra,-0.3,Neutro,2010,,,,,,
111,Hembra,-0.3,Neutro,2010,,,,,,
164,Hembra,-0.3,Neutro,2010,,,,,,
120.5,Hembra,-0.3,Neutro,2010,,,,,,
119.5,Hembra,-0.3,Neutro,2010,,,,,,
146.5,Hembra,-0.3,Neutro,2010,,,,,,
134.5,Macho,-0.583333333,Niña,2011,-0.8,-0.6,-0.5,-0.4,-0.5,-0.7
157.5,Macho,-0.583333333,Niña,2011,,,,,,
169.5,Macho,-0.583333333,Niña,2011,,,,,,
135.5,Macho,-0.583333333,Niña,2011,,,,,,
156.5,Macho,-0.583333333,Niña,2011,,,,,,
116,Macho,-0.583333333,Niña,2011,,,,,,
180,Macho,-0.583333333,Niña,2011,,,,,,
207,Macho,-0.583333333,Niña,2011,,,,,,
176.5,Macho,-0.583333333,Niña,2011,,,,,,
190,Macho,-0.583333333,Niña,2011,,,,,,
143,Macho,-0.583333333,Niña,2011,,,,,,
145.5,Macho,-0.583333333,Niña,2011,,,,,,
168,Macho,-0.583333333,Niña,2011,,,,,,
127.5,Macho,-0.583333333,Niña,2011,,,,,,
135,Macho,-0.583333333,Niña,2011,,,,,,
140,Macho,-0.583333333,Niña,2011,,,,,,
173,Macho,-0.583333333,Niña,2011,,,,,,
218.5,Macho,-0.583333333,Niña,2011,,,,,,
163.5,Macho,-0.583333333,Niña,2011,,,,,,
120,Macho,-0.583333333,Niña,2011,,,,,,
148.5,Macho,-0.583333333,Niña,2011,,,,,,
174,Macho,-0.583333333,Niña,2011,,,,,,
172,Macho,-0.583333333,Niña,2011,,,,,,
152,Macho,-0.583333333,Niña,2011,,,,,,
147,Macho,-0.583333333,Niña,2011,,,,,,
177.5,Macho,-0.583333333,Niña,2011,,,,,,
145.5,Macho,-0.583333333,Niña,2011,,,,,,
139.5,Macho,-0.583333333,Niña,2011,,,,,,
173,Macho,-0.583333333,Niña,2011,,,,,,
193,Macho,-0.583333333,Niña,2011,,,,,,
187,Macho,-0.583333333,Niña,2011,,,,,,
160.5,Macho,-0.583333333,Niña,2011,,,,,,
226.5,Macho,-0.583333333,Niña,2011,,,,,,
142.5,Macho,-0.583333333,Niña,2011,,,,,,
203,Macho,-0.583333333,Niña,2011,,,,,,
165,Macho,-0.583333333,Niña,2011,,,,,,
123.5,Macho,-0.583333333,Niña,2011,,,,,,
183,Macho,-0.583333333,Niña,2011,,,,,,
201,Macho,-0.583333333,Niña,2011,,,,,,
207.5,Macho,-0.583333333,Niña,2011,,,,,,
146,Macho,-0.583333333,Niña,2011,,,,,,
237.5,Macho,-0.583333333,Niña,2011,,,,,,
145,Macho,-0.583333333,Niña,2011,,,,,,
138,Macho,-0.583333333,Niña,2011,,,,,,
181,Macho,-0.583333333,Niña,2011,,,,,,
144,Macho,-0.583333333,Niña,2011,,,,,,
176.5,Macho,-0.583333333,Niña,2011,,,,,,
181.5,Macho,-0.583333333,Niña,2011,,,,,,
213,Macho,-0.583333333,Niña,2011,,,,,,
172,Macho,-0.583333333,Niña,2011,,,,,,
171,Macho,-0.583333333,Niña,2011,,,,,,
151.5,Macho,-0.583333333,Niña,2011,,,,,,
199.5,Macho,-0.583333333,Niña,2011,,,,,,
182.5,Macho,-0.583333333,Niña,2011,,,,,,
152.5,Macho,-0.583333333,Niña,2011,,,,,,
195.5,Macho,-0.583333333,Niña,2011,,,,,,
163.5,Macho,-0.583333333,Niña,2011,,,,,,
156,Macho,-0.583333333,Niña,2011,,,,,,
182,Macho,-0.583333333,Niña,2011,,,,,,
213,Macho,-0.583333333,Niña,2011,,,,,,
196.5,Macho,-0.583333333,Niña,2011,,,,,,
221,Macho,-0.583333333,Niña,2011,,,,,,
136.5,Macho,-0.583333333,Niña,2011,,,,,,
172,Macho,-0.583333333,Niña,2011,,,,,,
185.5,Hembra,-0.583333333,Niña,2011,,,,,,
146,Hembra,-0.583333333,Niña,2011,,,,,,
146.5,Hembra,-0.583333333,Niña,2011,,,,,,
178.5,Hembra,-0.583333333,Niña,2011,,,,,,
188,Hembra,-0.583333333,Niña,2011,,,,,,
145,Hembra,-0.583333333,Niña,2011,,,,,,
143,Hembra,-0.583333333,Niña,2011,,,,,,
199.5,Hembra,-0.583333333,Niña,2011,,,,,,
167.5,Hembra,-0.583333333,Niña,2011,,,,,,
150.5,Hembra,-0.583333333,Niña,2011,,,,,,
117,Hembra,-0.583333333,Niña,2011,,,,,,
151.5,Hembra,-0.583333333,Niña,2011,,,,,,
175.5,Hembra,-0.583333333,Niña,2011,,,,,,
102,Hembra,-0.583333333,Niña,2011,,,,,,
201.5,Hembra,-0.583333333,Niña,2011,,,,,,
116.5,Hembra,-0.583333333,Niña,2011,,,,,,
160,Hembra,-0.583333333,Niña,2011,,,,,,
172,Hembra,-0.583333333,Niña,2011,,,,,,
151,Hembra,-0.583333333,Niña,2011,,,,,,
138.5,Hembra,-0.583333333,Niña,2011,,,,,,
142,Hembra,-0.583333333,Niña,2011,,,,,,
134,Hembra,-0.583333333,Niña,2011,,,,,,
170.5,Hembra,-0.583333333,Niña,2011,,,,,,
164,Hembra,-0.583333333,Niña,2011,,,,,,
205,Hembra,-0.583333333,Niña,2011,,,,,,
130,Hembra,-0.583333333,Niña,2011,,,,,,
151.5,Hembra,-0.583333333,Niña,2011,,,,,,
124,Hembra,-0.583333333,Niña,2011,,,,,,
175.5,Hembra,-0.583333333,Niña,2011,,,,,,
122,Hembra,-0.583333333,Niña,2011,,,,,,
164,Hembra,-0.583333333,Niña,2011,,,,,,
168,Hembra,-0.583333333,Niña,2011,,,,,,
140,Hembra,-0.583333333,Niña,2011,,,,,,
168,Hembra,-0.583333333,Niña,2011,,,,,,
139.5,Hembra,-0.583333333,Niña,2011,,,,,,
188.5,Hembra,-0.583333333,Niña,2011,,,,,,
136,Hembra,-0.583333333,Niña,2011,,,,,,
180.5,Hembra,-0.583333333,Niña,2011,,,,,,
191.5,Hembra,-0.583333333,Niña,2011,,,,,,
209,Hembra,-0.583333333,Niña,2011,,,,,,
201,Hembra,-0.583333333,Niña,2011,,,,,,
175.5,Hembra,-0.583333333,Niña,2011,,,,,,
147.5,Hembra,-0.583333333,Niña,2011,,,,,,
158,Hembra,-0.583333333,Niña,2011,,,,,,
138.5,Hembra,-0.583333333,Niña,2011,,,,,,
150.5,Hembra,-0.583333333,Niña,2011,,,,,,
139.5,Hembra,-0.583333333,Niña,2011,,,,,,
137,Hembra,-0.583333333,Niña,2011,,,,,,
205,Hembra,-0.583333333,Niña,2011,,,,,,
145.5,Hembra,-0.583333333,Niña,2011,,,,,,
139,Hembra,-0.583333333,Niña,2011,,,,,,
154,Hembra,-0.583333333,Niña,2011,,,,,,
152,Macho,-0.066666667,Neutro,2012,-0.5,-0.4,-0.2,0.1,0.3,0.3
112.5,Macho,-0.066666667,Neutro,2012,,,,,,
180.5,Macho,-0.066666667,Neutro,2012,,,,,,
165,Macho,-0.066666667,Neutro,2012,,,,,,
94.5,Macho,-0.066666667,Neutro,2012,,,,,,
152,Macho,-0.066666667,Neutro,2012,,,,,,
114.5,Macho,-0.066666667,Neutro,2012,,,,,,
174.5,Macho,-0.066666667,Neutro,2012,,,,,,
121,Macho,-0.066666667,Neutro,2012,,,,,,
141,Macho,-0.066666667,Neutro,2012,,,,,,
119.5,Macho,-0.066666667,Neutro,2012,,,,,,
126.5,Macho,-0.066666667,Neutro,2012,,,,,,
108.5,Macho,-0.066666667,Neutro,2012,,,,,,
150,Macho,-0.066666667,Neutro,2012,,,,,,
152,Macho,-0.066666667,Neutro,2012,,,,,,
187,Macho,-0.066666667,Neutro,2012,,,,,,
122.5,Macho,-0.066666667,Neutro,2012,,,,,,
180,Macho,-0.066666667,Neutro,2012,,,,,,
132.5,Macho,-0.066666667,Neutro,2012,,,,,,
115.5,Macho,-0.066666667,Neutro,2012,,,,,,
135,Macho,-0.066666667,Neutro,2012,,,,,,
158.5,Macho,-0.066666667,Neutro,2012,,,,,,
158.5,Macho,-0.066666667,Neutro,2012,,,,,,
171.5,Macho,-0.066666667,Neutro,2012,,,,,,
170.5,Macho,-0.066666667,Neutro,2012,,,,,,
126,Macho,-0.066666667,Neutro,2012,,,,,,
147.5,Macho,-0.066666667,Neutro,2012,,,,,,
194.5,Macho,-0.066666667,Neutro,2012,,,,,,
199.5,Macho,-0.066666667,Neutro,2012,,,,,,
151,Macho,-0.066666667,Neutro,2012,,,,,,
128,Macho,-0.066666667,Neutro,2012,,,,,,
203.5,Macho,-0.066666667,Neutro,2012,,,,,,
188,Macho,-0.066666667,Neutro,2012,,,,,,
125,Macho,-0.066666667,Neutro,2012,,,,,,
141,Macho,-0.066666667,Neutro,2012,,,,,,
128,Macho,-0.066666667,Neutro,2012,,,,,,
142.5,Macho,-0.066666667,Neutro,2012,,,,,,
148.5,Macho,-0.066666667,Neutro,2012,,,,,,
158.5,Macho,-0.066666667,Neutro,2012,,,,,,
199.5,Macho,-0.066666667,Neutro,2012,,,,,,
143.5,Macho,-0.066666667,Neutro,2012,,,,,,
137,Macho,-0.066666667,Neutro,2012,,,,,,
182,Macho,-0.066666667,Neutro,2012,,,,,,
83,Macho,-0.066666667,Neutro,2012,,,,,,
222,Macho,-0.066666667,Neutro,2012,,,,,,
193.5,Macho,-0.066666667,Neutro,2012,,,,,,
156,Macho,-0.066666667,Neutro,2012,,,,,,
148,Macho,-0.066666667,Neutro,2012,,,,,,
185,Macho,-0.066666667,Neutro,2012,,,,,,
183,Macho,-0.066666667,Neutro,2012,,,,,,
176.5,Macho,-0.066666667,Neutro,2012,,,,,,
152.5,Macho,-0.066666667,Neutro,2012,,,,,,
105.5,Macho,-0.066666667,Neutro,2012,,,,,,
199,Macho,-0.066666667,Neutro,2012,,,,,,
101.5,Hembra,-0.066666667,Neutro,2012,,,,,,
153,Hembra,-0.066666667,Neutro,2012,,,,,,
144,Hembra,-0.066666667,Neutro,2012,,,,,,
148.5,Hembra,-0.066666667,Neutro,2012,,,,,,
97.5,Hembra,-0.066666667,Neutro,2012,,,,,,
151,Hembra,-0.066666667,Neutro,2012,,,,,,
108,Hembra,-0.066666667,Neutro,2012,,,,,,
132.5,Hembra,-0.066666667,Neutro,2012,,,,,,
164.5,Hembra,-0.066666667,Neutro,2012,,,,,,
173.5,Hembra,-0.066666667,Neutro,2012,,,,,,
119.5,Hembra,-0.066666667,Neutro,2012,,,,,,
149.5,Hembra,-0.066666667,Neutro,2012,,,,,,
132.5,Hembra,-0.066666667,Neutro,2012,,,,,,
131,Hembra,-0.066666667,Neutro,2012,,,,,,
116,Hembra,-0.066666667,Neutro,2012,,,,,,
130,Hembra,-0.066666667,Neutro,2012,,,,,,
164,Hembra,-0.066666667,Neutro,2012,,,,,,
117,Hembra,-0.066666667,Neutro,2012,,,,,,
142,Hembra,-0.066666667,Neutro,2012,,,,,,
113,Hembra,-0.066666667,Neutro,2012,,,,,,
190.5,Hembra,-0.066666667,Neutro,2012,,,,,,
134,Hembra,-0.066666667,Neutro,2012,,,,,,
122,Hembra,-0.066666667,Neutro,2012,,,,,,
167,Hembra,-0.066666667,Neutro,2012,,,,,,
147.5,Hembra,-0.066666667,Neutro,2012,,,,,,
174.5,Hembra,-0.066666667,Neutro,2012,,,,,,
105,Hembra,-0.066666667,Neutro,2012,,,,,,
124,Hembra,-0.066666667,Neutro,2012,,,,,,
170,Hembra,-0.066666667,Neutro,2012,,,,,,
128.5,Hembra,-0.066666667,Neutro,2012,,,,,,
149.5,Hembra,-0.066666667,Neutro,2012,,,,,,
143,Hembra,-0.066666667,Neutro,2012,,,,,,
136,Hembra,-0.066666667,Neutro,2012,,,,,,
107,Hembra,-0.066666667,Neutro,2012,,,,,,
127,Hembra,-0.066666667,Neutro,2012,,,,,,
208,Hembra,-0.066666667,Neutro,2012,,,,,,
145,Hembra,-0.066666667,Neutro,2012,,,,,,
130,Hembra,-0.066666667,Neutro,2012,,,,,,
160.5,Hembra,-0.066666667,Neutro,2012,,,,,,
155,Hembra,-0.066666667,Neutro,2012,,,,,,
147,Hembra,-0.066666667,Neutro,2012,,,,,,
106,Hembra,-0.066666667,Neutro,2012,,,,,,
173,Hembra,-0.066666667,Neutro,2012,,,,,,
133,Hembra,-0.066666667,Neutro,2012,,,,,,
165.5,Hembra,-0.066666667,Neutro,2012,,,,,,
121,Hembra,-0.066666667,Neutro,2012,,,,,,
127,Hembra,-0.066666667,Neutro,2012,,,,,,
126.5,Hembra,-0.066666667,Neutro,2012,,,,,,
165.5,Macho,-0.3,Neutro,2013,-0.2,-0.2,-0.3,-0.3,-0.4,-0.4
120.5,Macho,-0.3,Neutro,2013,,,,,,
187,Macho,-0.3,Neutro,2013,,,,,,
114.5,Macho,-0.3,Neutro,2013,,,,,,
169,Macho,-0.3,Neutro,2013,,,,,,
128,Macho,-0.3,Neutro,2013,,,,,,
138.5,Macho,-0.3,Neutro,2013,,,,,,
206.5,Macho,-0.3,Neutro,2013,,,,,,
156.5,Macho,-0.3,Neutro,2013,,,,,,
120.5,Macho,-0.3,Neutro,2013,,,,,,
158,Macho,-0.3,Neutro,2013,,,,,,
205.5,Macho,-0.3,Neutro,2013,,,,,,
135.5,Macho,-0.3,Neutro,2013,,,,,,
188,Macho,-0.3,Neutro,2013,,,,,,
159.5,Macho,-0.3,Neutro,2013,,,,,,
147,Macho,-0.3,Neutro,2013,,,,,,
134,Macho,-0.3,Neutro,2013,,,,,,
123.5,Macho,-0.3,Neutro,2013,,,,,,
186.5,Macho,-0.3,Neutro,2013,,,,,,
177,Macho,-0.3,Neutro,2013,,,,,,
189,Macho,-0.3,Neutro,2013,,,,,,
152,Macho,-0.3,Neutro,2013,,,,,,
217,Macho,-0.3,Neutro,2013,,,,,,
124.5,Macho,-0.3,Neutro,2013,,,,,,
177,Macho,-0.3,Neutro,2013,,,,,,
166,Macho,-0.3,Neutro,2013,,,,,,
195,Macho,-0.3,Neutro,2013,,,,,,
171.5,Macho,-0.3,Neutro,2013,,,,,,
158,Macho,-0.3,Neutro,2013,,,,,,
168,Macho,-0.3,Neutro,2013,,,,,,
243.5,Macho,-0.3,Neutro,2013,,,,,,
108.5,Macho,-0.3,Neutro,2013,,,,,,
167.5,Macho,-0.3,Neutro,2013,,,,,,
210.5,Macho,-0.3,Neutro,2013,,,,,,
106.5,Macho,-0.3,Neutro,2013,,,,,,
122.5,Macho,-0.3,Neutro,2013,,,,,,
198,Macho,-0.3,Neutro,2013,,,,,,
190.5,Macho,-0.3,Neutro,2013,,,,,,
202,Macho,-0.3,Neutro,2013,,,,,,
161,Macho,-0.3,Neutro,2013,,,,,,
121,Macho,-0.3,Neutro,2013,,,,,,
211.5,Macho,-0.3,Neutro,2013,,,,,,
112,Macho,-0.3,Neutro,2013,,,,,,
89,Macho,-0.3,Neutro,2013,,,,,,
152,Macho,-0.3,Neutro,2013,,,,,,
100.5,Macho,-0.3,Neutro,2013,,,,,,
173,Macho,-0.3,Neutro,2013,,,,,,
216,Macho,-0.3,Neutro,2013,,,,,,
149,Macho,-0.3,Neutro,2013,,,,,,
226,Macho,-0.3,Neutro,2013,,,,,,
156,Macho,-0.3,Neutro,2013,,,,,,
180,Macho,-0.3,Neutro,2013,,,,,,
152,Macho,-0.3,Neutro,2013,,,,,,
155,Macho,-0.3,Neutro,2013,,,,,,
135,Macho,-0.3,Neutro,2013,,,,,,
185,Macho,-0.3,Neutro,2013,,,,,,
152,Macho,-0.3,Neutro,2013,,,,,,
198,Macho,-0.3,Neutro,2013,,,,,,
124.5,Hembra,-0.3,Neutro,2013,,,,,,
166.5,Hembra,-0.3,Neutro,2013,,,,,,
202,Hembra,-0.3,Neutro,2013,,,,,,
128,Hembra,-0.3,Neutro,2013,,,,,,
146.5,Hembra,-0.3,Neutro,2013,,,,,,
165,Hembra,-0.3,Neutro,2013,,,,,,
151,Hembra,-0.3,Neutro,2013,,,,,,
108,Hembra,-0.3,Neutro,2013,,,,,,
107.5,Hembra,-0.3,Neutro,2013,,,,,,
114,Hembra,-0.3,Neutro,2013,,,,,,
194.5,Hembra,-0.3,Neutro,2013,,,,,,
140,Hembra,-0.3,Neutro,2013,,,,,,
71,Hembra,-0.3,Neutro,2013,,,,,,
198.5,Hembra,-0.3,Neutro,2013,,,,,,
175,Hembra,-0.3,Neutro,2013,,,,,,
156.5,Hembra,-0.3,Neutro,2013,,,,,,
155,Hembra,-0.3,Neutro,2013,,,,,,
103.5,Hembra,-0.3,Neutro,2013,,,,,,
155,Hembra,-0.3,Neutro,2013,,,,,,
174.5,Hembra,-0.3,Neutro,2013,,,,,,
157,Hembra,-0.3,Neutro,2013,,,,,,
123.5,Hembra,-0.3,Neutro,2013,,,,,,
148.5,Hembra,-0.3,Neutro,2013,,,,,,
126.5,Hembra,-0.3,Neutro,2013,,,,,,
106.5,Hembra,-0.3,Neutro,2013,,,,,,
85.5,Hembra,-0.3,Neutro,2013,,,,,,
165,Hembra,-0.3,Neutro,2013,,,,,,
136.5,Hembra,-0.3,Neutro,2013,,,,,,
119,Hembra,-0.3,Neutro,2013,,,,,,
107,Hembra,-0.3,Neutro,2013,,,,,,
171.5,Hembra,-0.3,Neutro,2013,,,,,,
152.5,Hembra,-0.3,Neutro,2013,,,,,,
93,Hembra,-0.3,Neutro,2013,,,,,,
170,Hembra,-0.3,Neutro,2013,,,,,,
170,Hembra,-0.3,Neutro,2013,,,,,,
121,Hembra,-0.3,Neutro,2013,,,,,,
158,Hembra,-0.3,Neutro,2013,,,,,,
187,Hembra,-0.3,Neutro,2013,,,,,,
210,Hembra,-0.3,Neutro,2013,,,,,,
189.5,Hembra,-0.3,Neutro,2013,,,,,,
176.5,Hembra,-0.3,Neutro,2013,,,,,,
146.5,Hembra,-0.3,Neutro,2013,,,,,,
143.5,Hembra,-0.3,Neutro,2013,,,,,,
176.5,Hembra,-0.3,Neutro,2013,,,,,,
150.5,Hembra,-0.3,Neutro,2013,,,,,,
163.5,Hembra,-0.3,Neutro,2013,,,,,,
173,Hembra,-0.3,Neutro,2013,,,,,,
160,Hembra,-0.3,Neutro,2013,,,,,,
140,Hembra,-0.3,Neutro,2013,,,,,,
176.5,Hembra,-0.3,Neutro,2013,,,,,,
140,Hembra,-0.3,Neutro,2013,,,,,,
150,Hembra,-0.3,Neutro,2013,,,,,,
163.5,Hembra,-0.3,Neutro,2013,,,,,,
204,Hembra,-0.3,Neutro,2013,,,,,,
165,Hembra,-0.3,Neutro,2013,,,,,,
162,Hembra,-0.3,Neutro,2013,,,,,,
148.5,Hembra,-0.3,Neutro,2013,,,,,,
197,Hembra,-0.3,Neutro,2013,,,,,,
161,Hembra,-0.3,Neutro,2013,,,,,,
162,Hembra,-0.3,Neutro,2013,,,,,,
110,Macho,0.083333333,Neutro,2014,-0.2,0.1,0.3,0.2,0.1,0
160,Macho,0.083333333,Neutro,2014,,,,,,
145.5,Macho,0.083333333,Neutro,2014,,,,,,
99,Macho,0.083333333,Neutro,2014,,,,,,
191.5,Macho,0.083333333,Neutro,2014,,,,,,
172.5,Macho,0.083333333,Neutro,2014,,,,,,
160,Macho,0.083333333,Neutro,2014,,,,,,
133,Macho,0.083333333,Neutro,2014,,,,,,
149.5,Macho,0.083333333,Neutro,2014,,,,,,
145.5,Macho,0.083333333,Neutro,2014,,,,,,
163.5,Macho,0.083333333,Neutro,2014,,,,,,
139.5,Macho,0.083333333,Neutro,2014,,,,,,
196,Macho,0.083333333,Neutro,2014,,,,,,
177,Macho,0.083333333,Neutro,2014,,,,,,
155,Macho,0.083333333,Neutro,2014,,,,,,
137.5,Macho,0.083333333,Neutro,2014,,,,,,
161,Macho,0.083333333,Neutro,2014,,,,,,
203,Macho,0.083333333,Neutro,2014,,,,,,
150,Macho,0.083333333,Neutro,2014,,,,,,
252,Macho,0.083333333,Neutro,2014,,,,,,
167.5,Macho,0.083333333,Neutro,2014,,,,,,
104.5,Hembra,0.083333333,Neutro,2014,,,,,,
140,Hembra,0.083333333,Neutro,2014,,,,,,
180,Hembra,0.083333333,Neutro,2014,,,,,,
116.5,Hembra,0.083333333,Neutro,2014,,,,,,
155,Hembra,0.083333333,Neutro,2014,,,,,,
137.5,Hembra,0.083333333,Neutro,2014,,,,,,
161.5,Hembra,0.083333333,Neutro,2014,,,,,,
161.5,Hembra,0.083333333,Neutro,2014,,,,,,
129,Hembra,0.083333333,Neutro,2014,,,,,,
158,Hembra,0.083333333,Neutro,2014,,,,,,
165,Hembra,0.083333333,Neutro,2014,,,,,,
175.5,Hembra,0.083333333,Neutro,2014,,,,,,
157,Hembra,0.083333333,Neutro,2014,,,,,,
193.5,Hembra,0.083333333,Neutro,2014,,,,,,
144.5,Hembra,0.083333333,Neutro,2014,,,,,,
110.5,Hembra,0.083333333,Neutro,2014,,,,,,
161,Hembra,0.083333333,Neutro,2014,,,,,,
128,Hembra,0.083333333,Neutro,2014,,,,,,
155,Hembra,0.083333333,Neutro,2014,,,,,,
161,Hembra,0.083333333,Neutro,2014,,,,,,
167.5,Hembra,0.083333333,Neutro,2014,,,,,,
175.5,Hembra,0.083333333,Neutro,2014,,,,,,
132.5,Hembra,0.083333333,Neutro,2014,,,,,,
153.5,Hembra,0.083333333,Neutro,2014,,,,,,
148,Hembra,0.083333333,Neutro,2014,,,,,,
144.5,Hembra,0.083333333,Neutro,2014,,,,,,
160,Hembra,0.083333333,Neutro,2014,,,,,,
204,Hembra,0.083333333,Neutro,2014,,,,,,
161,Hembra,0.083333333,Neutro,2014,,,,,,
128,Macho,1.15,Niño,2015,0.6,0.8,1,1.2,1.5,1.8
178.5,Macho,1.15,Niño,2015,,,,,,
93.5,Macho,1.15,Niño,2015,,,,,,
140,Macho,1.15,Niño,2015,,,,,,
171.5,Macho,1.15,Niño,2015,,,,,,
140,Macho,1.15,Niño,2015,,,,,,
153,Macho,1.15,Niño,2015,,,,,,
149,Macho,1.15,Niño,2015,,,,,,
131,Macho,1.15,Niño,2015,,,,,,
142,Macho,1.15,Niño,2015,,,,,,
180,Macho,1.15,Niño,2015,,,,,,
166,Macho,1.15,Niño,2015,,,,,,
178,Macho,1.15,Niño,2015,,,,,,
171.5,Macho,1.15,Niño,2015,,,,,,
134,Macho,1.15,Niño,2015,,,,,,
216,Macho,1.15,Niño,2015,,,,,,
227,Macho,1.15,Niño,2015,,,,,,
195,Macho,1.15,Niño,2015,,,,,,
182,Macho,1.15,Niño,2015,,,,,,
140,Macho,1.15,Niño,2015,,,,,,
143,Macho,1.15,Niño,2015,,,,,,
118,Hembra,1.15,Niño,2015,,,,,,
177,Hembra,1.15,Niño,2015,,,,,,
196.5,Hembra,1.15,Niño,2015,,,,,,
120,Hembra,1.15,Niño,2015,,,,,,
98,Hembra,1.15,Niño,2015,,,,,,
137.5,Hembra,1.15,Niño,2015,,,,,,
175,Hembra,1.15,Niño,2015,,,,,,
140.5,Hembra,1.15,Niño,2015,,,,,,
220,Hembra,1.15,Niño,2015,,,,,,
160,Hembra,1.15,Niño,2015,,,,,,
137,Hembra,1.15,Niño,2015,,,,,,
160,Hembra,1.15,Niño,2015,,,,,,
143,Hembra,1.15,Niño,2015,,,,,,
210,Hembra,1.15,Niño,2015,,,,,,
170,Hembra,1.15,Niño,2015,,,,,,
122.5,Macho,0.216666667,Neutro,2017,0.1,0.3,0.4,0.4,0.2,-0.1
116.5,Macho,0.216666667,Neutro,2017,,,,,,
81,Macho,0.216666667,Neutro,2017,,,,,,
156,Macho,0.216666667,Neutro,2017,,,,,,
123,Macho,0.216666667,Neutro,2017,,,,,,
141,Macho,0.216666667,Neutro,2017,,,,,,
180,Macho,0.216666667,Neutro,2017,,,,,,
97,Macho,0.216666667,Neutro,2017,,,,,,
165,Macho,0.216666667,Neutro,2017,,,,,,
136,Macho,0.216666667,Neutro,2017,,,,,,
107,Macho,0.216666667,Neutro,2017,,,,,,
145.5,Macho,0.216666667,Neutro,2017,,,,,,
103.5,Macho,0.216666667,Neutro,2017,,,,,,
132,Macho,0.216666667,Neutro,2017,,,,,,
100,Macho,0.216666667,Neutro,2017,,,,,,
150,Hembra,0.216666667,Neutro,2017,,,,,,
130,Hembra,0.216666667,Neutro,2017,,,,,,
130,Hembra,0.216666667,Neutro,2017,,,,,,
135,Hembra,0.216666667,Neutro,2017,,,,,,
144.5,Hembra,0.216666667,Neutro,2017,,,,,,
124.5,Hembra,0.216666667,Neutro,2017,,,,,,
90,Hembra,0.216666667,Neutro,2017,,,,,,
180,Hembra,0.216666667,Neutro,2017,,,,,,
157,Hembra,0.216666667,Neutro,2017,,,,,,
151,Hembra,0.216666667,Neutro,2017,,,,,,
98,Hembra,0.216666667,Neutro,2017,,,,,,
104,Hembra,0.216666667,Neutro,2017,,,,,,
119.5,Hembra,0.216666667,Neutro,2017,,,,,,
117,Hembra,0.216666667,Neutro,2017,,,,,,
95,Hembra,0.216666667,Neutro,2017,,,,,,
116,Hembra,0.216666667,Neutro,2017,,,,,,
142,Hembra,0.216666667,Neutro,2017,,,,,,
117.5,Hembra,0.216666667,Neutro,2017,,,,,,
104,Hembra,0.216666667,Neutro,2017,,,,,,
105,Hembra,0.216666667,Neutro,2017,,,,,,
142,Hembra,0.216666667,Neutro,2017,,,,,,
94,Hembra,0.216666667,Neutro,2017,,,,,,
138.5,Hembra,0.216666667,Neutro,2017,,,,,,
169.5,Macho,-0.116666667,Neutro,2018,-0.6,-0.4,-0.1,0.1,0.1,0.2
126,Hembra,-0.116666667,Neutro,2018,,,,,,
92,Macho,-0.116666667,Neutro,2018,,,,,,
94,Hembra,-0.116666667,Neutro,2018,,,,,,
116,Macho,-0.116666667,Neutro,2018,,,,,,
94.5,Hembra,-0.116666667,Neutro,2018,,,,,,
124,Macho,-0.116666667,Neutro,2018,,,,,,
164,Macho,-0.116666667,Neutro,2018,,,,,,
118,Macho,-0.116666667,Neutro,2018,,,,,,
163,Macho,-0.116666667,Neutro,2018,,,,,,
163,Hembra,-0.116666667,Neutro,2018,,,,,,
122.5,Macho,-0.116666667,Neutro,2018,,,,,,
170,Macho,-0.116666667,Neutro,2018,,,,,,
112,Hembra,-0.116666667,Neutro,2018,,,,,,
132.5,Hembra,-0.116666667,Neutro,2018,,,,,,
108,Macho,-0.116666667,Neutro,2018,,,,,,
67.5,Macho,-0.116666667,Neutro,2018,,,,,,
86.5,Hembra,-0.116666667,Neutro,2018,,,,,,
83,Macho,-0.116666667,Neutro,2018,,,,,,
105,Macho,-0.116666667,Neutro,2018,,,,,,
95.5,Hembra,-0.116666667,Neutro,2018,,,,,,
94,Hembra,-0.116666667,Neutro,2018,,,,,,
111.5,Macho,-0.116666667,Neutro,2018,,,,,,
120,Macho,-0.116666667,Neutro,2018,,,,,,
102,Hembra,-0.116666667,Neutro,2018,,,,,,
87.5,Hembra,-0.116666667,Neutro,2018,,,,,,
70.5,Hembra,-0.116666667,Neutro,2018,,,,,,
72.5,Hembra,-0.116666667,Neutro,2018,,,,,,
121.5,Hembra,-0.116666667,Neutro,2018,,,,,,
121.5,Macho,-0.116666667,Neutro,2018,,,,,,
72.5,Hembra,-0.116666667,Neutro,2018,,,,,,
73.5,Macho,-0.116666667,Neutro,2018,,,,,,
110.5,Macho,-0.116666667,Neutro,2018,,,,,,
116,Macho,-0.116666667,Neutro,2018,,,,,,
87.5,Hembra,-0.116666667,Neutro,2018,,,,,,
126.5,Hembra,-0.116666667,Neutro,2018,,,,,,
109,Macho,-0.116666667,Neutro,2018,,,,,,
119,Macho,-0.116666667,Neutro,2018,,,,,,
132,Macho,-0.116666667,Neutro,2018,,,,,,
80.5,Hembra,-0.116666667,Neutro,2018,,,,,,
76.5,Hembra,-0.116666667,Neutro,2018,,,,,,
114.5,Macho,-0.116666667,Neutro,2018,,,,,,
107,Hembra,-0.116666667,Neutro,2018,,,,,,
132.5,Macho,-0.116666667,Neutro,2018,,,,,,
87,Macho,-0.116666667,Neutro,2018,,,,,,
74.5,Macho,-0.116666667,Neutro,2018,,,,,,
84.5,Hembra,-0.116666667,Neutro,2018,,,,,,
93.5,Hembra,-0.116666667,Neutro,2018,,,,,,
94.5,Macho,-0.116666667,Neutro,2018,,,,,,
85.5,Macho,-0.116666667,Neutro,2018,,,,,,
97.5,Macho,-0.116666667,Neutro,2018,,,,,,
57.5,Macho,-0.116666667,Neutro,2018,,,,,,
69.5,Macho,-0.116666667,Neutro,2018,,,,,,
122.5,Hembra,-0.116666667,Neutro,2018,,,,,,
100,Macho,-0.116666667,Neutro,2018,,,,,,
93.5,Macho,-0.116666667,Neutro,2018,,,,,,
79.5,Macho,-0.116666667,Neutro,2018,,,,,,
116.5,Hembra,-0.116666667,Neutro,2018,,,,,,
139.5,Macho,-0.116666667,Neutro,2018,,,,,,
81,Hembra,-0.116666667,Neutro,2018,,,,,,
59,Hembra,-0.116666667,Neutro,2018,,,,,,
98.5,Macho,-0.116666667,Neutro,2018,,,,,,
114.5,Macho,-0.116666667,Neutro,2018,,,,,,
91.5,Macho,-0.116666667,Neutro,2018,,,,,,
88.5,Hembra,-0.116666667,Neutro,2018,,,,,,
136.5,Macho,-0.116666667,Neutro,2018,,,,,,
97.5,Hembra,-0.116666667,Neutro,2018,,,,,,
131,Macho,-0.116666667,Neutro,2018,,,,,,
103.5,Macho,-0.116666667,Neutro,2018,,,,,,
107.5,Macho,-0.116666667,Neutro,2018,,,,,,
92.5,Hembra,-0.116666667,Neutro,2018,,,,,,
122.5,Macho,-0.116666667,Neutro,2018,,,,,,
116.5,Hembra,-0.116666667,Neutro,2018,,,,,,
70.5,Hembra,-0.116666667,Neutro,2018,,,,,,
107.5,Macho,-0.116666667,Neutro,2018,,,,,,
83.5,Hembra,-0.116666667,Neutro,2018,,,,,,
104,Hembra,-0.116666667,Neutro,2018,,,,,,
122.5,Hembra,-0.116666667,Neutro,2018,,,,,,
69.5,Hembra,-0.116666667,Neutro,2018,,,,,,
146.5,Macho,-0.116666667,Neutro,2018,,,,,,
134,Hembra,-0.116666667,Neutro,2018,,,,,,
113.5,Hembra,-0.116666667,Neutro,2018,,,,,,
81,Hembra,-0.116666667,Neutro,2018,,,,,,
109.5,Hembra,-0.116666667,Neutro,2018,,,,,,
109.5,Hembra,-0.116666667,Neutro,2018,,,,,,
128.5,Macho,-0.116666667,Neutro,2018,,,,,,
124.5,Macho,-0.116666667,Neutro,2018,,,,,,
136,MACHO,-0.116666667,Neutro,2018,,,,,,
159,MACHO,-0.116666667,Neutro,2018,,,,,,
147.5,Hembra,-0.116666667,Neutro,2018,,,,,,
166.5,Macho,-0.116666667,Neutro,2018,,,,,,
118,Macho,-0.116666667,Neutro,2018,,,,,,
127,Macho,-0.116666667,Neutro,2018,,,,,,
152.5,Macho,-0.116666667,Neutro,2018,,,,,,
104.5,Hembra,-0.116666667,Neutro,2018,,,,,,
158.5,Macho,-0.116666667,Neutro,2018,,,,,,
164.5,Hembra,-0.116666667,Neutro,2018,,,,,,
180,Hembra,-0.116666667,Neutro,2018,,,,,,
158,Hembra,-0.116666667,Neutro,2018,,,,,,
112.5,Macho,-0.116666667,Neutro,2018,,,,,,
153.5,Macho,-0.116666667,Neutro,2018,,,,,,
183.5,Macho,-0.116666667,Neutro,2018,,,,,,
