FUEGO,AÑO MARCA/NACIMIENTO,SEXO,PESO AL DESTETE,Nro años visto volver,Edad 1ra vez volvió,Edad última vez visto,Porcentaje retorno,Total  cachorros,Total que volvieron,Promedio edad 1ra aparición,Desvío prom 1ra aparición,Peso promedio vivos,Desvío estándar peso vivos,Peso promedio muertos/no vistos,Desvío estándar peso muertos/no vistos
8ST,1995,Hembra,151.5,1,8,8,100,1,1,8.00,0.00,NO TENIDO EN CUENTA,,,
51ST,1996,Hembra,120.5,8,8,16,100,1,1,8.00,0.00,NO TENIDO EN CUENTA,,,
56ST,1997,Hembra,152,2,9,14,100,1,1,9.00,0.00,NO TENIDO EN CUENTA,,,
90ST,1998,Hembra,164.5,1,8,8,100,9,9,4.33,1.26,NO TENIDO EN CUENTA,,,
94ST,1998,Hembra,177,4,5,12,,,,,,,,,
100ST,1998,Hembra,149.5,2,4,12,,,,,,,,,
101ST,1998,Hembra,138.5,2,2,19,,,,,,,,,
106ST,1998,Hembra,169.5,5,5,14,,,,,,,,,
114ST,1998,Hembra,186,2,4,5,,,,,,,,,
116ST,1998,Hembra,154,12,3,20,,,,,,,,,
119ST,1998,Hembra,140.5,2,5,18,,,,,,,,,
120ST,1998,Hembra,85,3,3,20,,,,,,,,,
127ST,2001,Hembra,142.5,0,,,21.05,38,8,7.00,3.25,165.56,21.08,149.67,25.74
128ST,2001,Hembra,150,0,,,,,,,,,,,
136ST,2001,Hembra,155.5,0,,,,,,,,,,,
137ST,2001,Hembra,194,0,,,,,,,,,,,
139ST,2001,Hembra,141,0,,,,,,,,,,,
142ST,2001,Hembra,180,0,,,,,,,,,,,
143ST,2001,Hembra,171,0,,,,,,,,,,,
144ST,2001,Hembra,183,8,5,17,,,,,,,,,
145ST,2001,Hembra,82,0,,,,,,,,,,,
147ST,2001,Hembra,173,0,,,,,,,,,,,
152ST,2001,Hembra,154,0,,,,,,,,,,,
153ST,2001,Hembra,174,1,10,10,,,,,,,,,
154ST,2001,Hembra,147,0,,,,,,,,,,,
159ST,2001,Hembra,183.5,0,,,,,,,,,,,
160ST,2001,Hembra,147.5,0,,,,,,,,,,,
161ST,2001,Hembra,169,4,3,16,,,,,,,,,
164ST,2001,Hembra,141.5,0,,,,,,,,,,,
166ST,2001,Hembra,171,0,,,,,,,,,,,
167ST,2001,Hembra,134,0,,,,,,,,,,,
168ST,2001,Hembra,136,0,,,,,,,,,,,
169ST,2001,Hembra,142,0,,,,,,,,,,,
170ST,2001,Hembra,93,0,,,,,,,,,,,
171ST,2001,Hembra,147,0,,,,,,,,,,,
173ST,2001,Hembra,149,0,,,,,,,,,,,
174ST,2001,Hembra,155.5,1,2,2,,,,,,,,,
175ST,2001,Hembra,141.5,1,7,7,,,,,,,,,
178ST,2001,Hembra,135,0,,,,,,,,,,,
181ST,2001,Hembra,177,1,5,5,,,,,,,,,
183ST,2001,Hembra,157.5,0,,,,,,,,,,,
184ST,2001,Hembra,165,0,,,,,,,,,,,
185ST,2001,Hembra,167,0,,,,,,,,,,,
186ST,2001,Hembra,131.5,1,10,10,,,,,,,,,
187ST,2001,Hembra,193,1,14,14,,,,,,,,,
192ST,2001,Hembra,105,0,,,,,,,,,,,
195ST,2001,Hembra,164,0,,,,,,,,,,,
197ST,2001,Hembra,128,0,,,,,,,,,,,
203ST,2001,Hembra,190.5,0,,,,,,,,,,,
204ST,2001,Hembra,143.5,0,,,,,,,,,,,
207ST,2002,Hembra,104.5,0,,,30.23,86,26,6.85,3.60,139.25,22.46,141.20,25.06
211ST,2002,Hembra,155,0,,,,,,,,,,,
214ST,2002,Hembra,153,0,,,,,,,,,,,
215ST,2002,Hembra,115.5,0,,,,,,,,,,,
216ST,2002,Hembra,137,0,,,,,,,,,,,
217ST,2002,Hembra,119.5,0,,,,,,,,,,,
219ST,2002,Hembra,172.5,1,11,11,,,,,,,,,
220ST,2002,Hembra,162.5,1,13,13,,,,,,,,,
224ST,2002,Hembra,137.5,4,6,9,,,,,,,,,
228ST,2002,Hembra,151.5,1,6,6,,,,,,,,,
229ST,2002,Hembra,147.5,0,,,,,,,,,,,
231ST,2002,Hembra,131,0,,,,,,,,,,,
233ST,2002,Hembra,170,0,,,,,,,,,,,
234ST,2002,Hembra,118.5,0,,,,,,,,,,,
236ST,2002,Hembra,146,0,,,,,,,,,,,
237ST,2002,Hembra,117,0,,,,,,,,,,,
239ST,2002,Hembra,134.5,0,,,,,,,,,,,
240ST,2002,Hembra,143,0,,,,,,,,,,,
244ST,2002,Hembra,106,0,,,,,,,,,,,
245ST,2002,Hembra,87.5,0,,,,,,,,,,,
247ST,2002,Hembra,162.5,0,,,,,,,,,,,
251ST,2002,Hembra,119.5,2,,,,,,,,,,,
253ST,2002,Hembra,149,0,,,,,,,,,,,
255ST,2002,Hembra,113,0,,,,,,,,,,,
257ST,2002,Hembra,135.5,12,3,16,,,,,,,,,
258ST,2002,Hembra,105.5,1,14,14,,,,,,,,,
259ST,2002,Hembra,146.5,10,4,16,,,,,,,,,
260ST,2002,Hembra,190.5,0,,,,,,,,,,,
261ST,2002,Hembra,154.5,0,,,,,,,,,,,
264ST,2002,Hembra,117.5,0,,,,,,,,,,,
265ST,2002,Hembra,153,0,,,,,,,,,,,
266ST,2002,Hembra,142.5,2,9,11,,,,,,,,,
268ST,2002,Hembra,132,0,,,,,,,,,,,
269ST,2002,Hembra,145,0,,,,,,,,,,,
270ST,2002,Hembra,130.5,0,,,,,,,,,,,
275ST,2002,Hembra,101.5,0,,,,,,,,,,,
276ST,2002,Hembra,138,0,,,,,,,,,,,
279ST,2002,Hembra,198,0,,,,,,,,,,,
282ST,2002,Hembra,114.5,0,,,,,,,,,,,
283ST,2002,Hembra,147,1,4,4,,,,,,,,,
285ST,2002,Hembra,146.5,0,,,,,,,,,,,
291ST,2002,Hembra,146,0,,,,,,,,,,,
293ST,2002,Hembra,178.5,0,,,,,,,,,,,
294ST,2002,Hembra,141.5,2,4,8,,,,,,,,,
295ST,2002,Hembra,116,0,,,,,,,,,,,
296ST,2002,Hembra,167,0,,,,,,,,,,,
298ST,2002,Hembra,166,0,,,,,,,,,,,
299ST,2002,Hembra,163,1,10,10,,,,,,,,,
300ST,2002,Hembra,152,1,5,5,,,,,,,,,
301ST,2002,Hembra,122.5,0,,,,,,,,,,,
302ST,2002,Hembra,139.5,0,,,,,,,,,,,
304ST,2002,Hembra,156,5,1,8,,,,,,,,,
305ST,2002,Hembra,172.5,0,,,,,,,,,,,
310ST,2002,Hembra,166.5,1,8,8,,,,,,,,,
312ST,2002,Hembra,119,1,8,8,,,,,,,,,
314ST,2002,Hembra,123.5,0,,,,,,,,,,,
315ST,2002,Hembra,160,0,,,,,,,,,,,
316ST,2002,Hembra,151,0,,,,,,,,,,,
317ST,2002,Hembra,199.5,0,,,,,,,,,,,
322ST,2002,Hembra,148.5,0,,,,,,,,,,,
323ST,2002,Hembra,97.5,0,,,,,,,,,,,
331ST,2002,Hembra,85,0,,,,,,,,,,,
332ST,2002,Hembra,159,1,5,5,,,,,,,,,
335ST,2002,Hembra,135,0,,,,,,,,,,,
336ST,2002,Hembra,138,0,,,,,,,,,,,
337ST,2002,Hembra,159,0,,,,,,,,,,,
338ST,2002,Hembra,137.5,0,,,,,,,,,,,
339ST,2002,Hembra,160,0,,,,,,,,,,,
342ST,2002,Hembra,179,1,14,14,,,,,,,,,
343ST,2002,Hembra,157.5,0,,,,,,,,,,,
346ST,2002,Hembra,135,2,8,15,,,,,,,,,
348ST,2002,Hembra,148,11,3,16,,,,,,,,,
351ST,2002,Hembra,126,8,2,16,,,,,,,,,
353ST,2002,Hembra,103,6,1,9,,,,,,,,,
354ST,2002,Hembra,146.5,0,,,,,,,,,,,
358ST,2002,Hembra,102,2,13,16,,,,,,,,,
360ST,2002,Hembra,150,0,,,,,,,,,,,
361ST,2002,Hembra,116.5,1,11,11,,,,,,,,,
362ST,2002,Hembra,140,0,,,,,,,,,,,
363ST,2002,Hembra,130,3,4,14,,,,,,,,,
365ST,2002,Hembra,123.5,4,1,11,,,,,,,,,
367ST,2002,Hembra,125.5,0,,,,,,,,,,,
368ST,2002,Hembra,149,0,,,,,,,,,,,
370ST,2002,Hembra,180.5,0,,,,,,,,,,,
371ST,2002,Hembra,99.5,1,10,10,,,,,,,,,
376ST,2002,Hembra,148,0,,,,,,,,,,,
381ST,2003,Hembra,153,5,3,9,30.16,63,19,5.05,2.59,152.24,22.10,149.88,23.52
382ST,2003,Hembra,139.5,1,3,3,,,,,,,,,
385st,2003,Hembra,200,2,7,10,,,,,,,,,
387st,2003,Hembra,157.5,2,7,9,,,,,,,,,
388st,2003,Hembra,127,0,,,,,,,,,,,
389st,2003,Hembra,131,1,8,8,,,,,,,,,
391st,2003,Hembra,144,0,,,,,,,,,,,
394ST,2003,Hembra,161,1,4,4,,,,,,,,,
396ST,2003,Hembra,138.5,8,2,12,,,,,,,,,
398st,2003,Hembra,138.5,0,,,,,,,,,,,
399st,2003,Hembra,149,0,,,,,,,,,,,
400st,2003,Hembra,85.5,0,,,,,,,,,,,
404st,2003,Hembra,124,0,,,,,,,,,,,
406st,2003,Hembra,155,0,,,,,,,,,,,
409st,2003,Hembra,142.5,0,,,,,,,,,,,
411st,2003,Hembra,159.5,0,,,,,,,,,,,
412st,2003,Hembra,141.5,0,,,,,,,,,,,
414ST,2003,Hembra,135,1,5,5,,,,,,,,,
415st,2003,Hembra,162.5,4,6,12,,,,,,,,,
417st,2003,Hembra,141.5,0,,,,,,,,,,,
419st,2003,Hembra,144,0,,,,,,,,,,,
420st,2003,Hembra,140,0,,,,,,,,,,,
424st,2003,Hembra,149.5,0,,,,,,,,,,,
426st,2003,Hembra,174,0,,,,,,,,,,,
431st,2003,Hembra,167,0,,,,,,,,,,,
432st,2003,Hembra,157,0,,,,,,,,,,,
434st,2003,Hembra,99.5,0,,,,,,,,,,,
441ST,2003,Hembra,163.5,1,8,8,,,,,,,,,
442st,2003,Hembra,183,4,1,6,,,,,,,,,
444st,2003,Hembra,155,0,,,,,,,,,,,
446st,2003,Hembra,155.5,0,,,,,,,,,,,
448st,2003,Hembra,108.5,1,10,10,,,,,,,,,
451st,2003,Hembra,118,0,,,,,,,,,,,
452st,2003,Hembra,169,0,,,,,,,,,,,
454st,2003,Hembra,148,0,,,,,,,,,,,
455st,2003,Hembra,176,0,,,,,,,,,,,
456st,2003,Hembra,152,0,,,,,,,,,,,
457st,2003,Hembra,96,0,,,,,,,,,,,
460st,2003,Hembra,163.5,0,,,,,,,,,,,
468st,2003,Hembra,137,0,,,,,,,,,,,
470st,2003,Hembra,166,0,,Muerto año de nacimiento,,,,,,,,,
471st,2003,Hembra,150.5,0,,,,,,,,,,,
472st,2003,Hembra,106.5,0,,,,,,,,,,,
478st,2003,Hembra,185,0,,,,,,,,,,,
479st,2003,Hembra,176.5,1,3,3,,,,,,,,,
480st,2003,Hembra,141.5,2,1,8,,,,,,,,,
481st,2003,Hembra,160.5,0,,,,,,,,,,,
484st,2003,Hembra,169,1,9,9,,,,,,,,,
485st,2003,Hembra,187,0,,,,,,,,,,,
486st,2003,Hembra,165.5,0,,,,,,,,,,,
491st,2003,Hembra,143.5,1,10,10,,,,,,,,,
492st,2003,Hembra,159.5,0,,,,,,,,,,,
493st,2003,Hembra,156,0,,,,,,,,,,,
494st,2003,Hembra,151,1,1,1,,,,,,,,,
495st,2003,Hembra,172,0,,,,,,,,,,,
496st,2003,Hembra,147.5,0,,,,,,,,,,,
499st,2003,Hembra,136,0,,,,,,,,,,,
501st,2003,Hembra,183,0,,,,,,,,,,,
503st,2003,Hembra,187.5,0,,,,,,,,,,,
504ST,2003,Hembra,119,1,5,5,,,,,,,,,
506st,2003,Hembra,149.5,0,,,,,,,,,,,
510st,2003,Hembra,173.5,0,,,,,,,,,,,
512ST,2003,Hembra,159,4,3,8,,,,,,,,,
513ST,2004,Hembra,203,0,,,34.48,58,20,6.15,3.08,157.95,29.51,151.88,26.25
514ST,2004,Hembra,135.5,0,,,,,,,,,,,
515ST,2004,Hembra,173.5,1,14,14,,,,,,,,,
519ST,2004,Hembra,100,0,,,,,,,,,,,
521ST,2004,Hembra,161,0,,,,,,,,,,,
524ST,2004,Hembra,150.5,1,5,5,,,,,,,,,
525ST,2004,Hembra,123.5,0,,,,,,,,,,,
527ST,2004,Hembra,157.5,1,4,4,,,,,,,,,
528ST,2004,Hembra,131.5,0,,,,,,,,,,,
535ST,2004,Hembra,138.5,0,,,,,,,,,,,
536ST,2004,Hembra,156.5,0,,,,,,,,,,,
537ST,2004,Hembra,94.5,0,,,,,,,,,,,
539ST,2004,Hembra,206,1,4,4,,,,,,,,,
541ST,2004,Hembra,181,2,7,8,,,,,,,,,
545ST,2004,Hembra,177.5,1,7,7,,,,,,,,,
546ST,2004,Hembra,184,0,,,,,,,,,,,
547ST,2004,Hembra,99.5,2,9,12,,,,,,,,,
548ST,2004,Hembra,154.5,1,11,11,,,,,,,,,
550ST,2004,Hembra,141.5,0,,,,,,,,,,,
551ST,2004,Hembra,156,0,,,,,,,,,,,
559ST,2004,Hembra,216.5,0,,,,,,,,,,,
561ST,2004,Hembra,165.5,0,,,,,,,,,,,
562ST,2004,Hembra,172,2,8,11,,,,,,,,,
563ST,2004,Hembra,169,0,,,,,,,,,,,
564ST,2004,Hembra,134,4,1,5,,,,,,,,,
565ST,2004,Hembra,145,0,,,,,,,,,,,
566ST,2004,Hembra,170,0,,,,,,,,,,,
567ST,2004,Hembra,145.5,1,12,12,,,,,,,,,
568ST,2004,Hembra,146.5,0,,,,,,,,,,,
571ST,2004,Hembra,127,0,,,,,,,,,,,
573ST,2004,Hembra,174.5,0,,,,,,,,,,,
574ST,2004,Hembra,162.5,0,,,,,,,,,,,
575ST,2004,Hembra,171,1,12,12,,,,,,,,,
579ST,2004,Hembra,158.5,0,,,,,,,,,,,
580ST,2004,Hembra,141,0,,,,,,,,,,,
582ST,2004,Hembra,166.5,0,,,,,,,,,,,
583ST,2004,Hembra,182.5,0,,,,,,,,,,,
584ST,2004,Hembra,150,0,,,,,,,,,,,
585ST,2004,Hembra,191.5,2,2,11,,,,,,,,,
586ST,2004,Hembra,142.5,0,,,,,,,,,,,
587ST,2004,Hembra,180.5,0,,,,,,,,,,,
591ST,2004,Hembra,120.5,0,,,,,,,,,,,
595ST,2004,Hembra,148.5,7,2,12,,,,,,,,,
596ST,2004,Hembra,152.5,0,,,,,,,,,,,
597ST,2004,Hembra,79,1,6,6,,,,,,,,,
601ST,2004,Hembra,175,2,3,4,,,,,,,,,
604ST,2004,Hembra,151,0,,,,,,,,,,,
605ST,2004,Hembra,126.5,0,,,,,,,,,,,
606ST,2004,Hembra,155,0,,,,,,,,,,,
611ST,2004,Hembra,139,6,6,13,,,,,,,,,
613ST,2004,Hembra,154,0,,,,,,,,,,,
615ST,2004,Hembra,110,0,,,,,,,,,,,
616ST,2004,Hembra,175,1,2,2,,,,,,,,,
618ST,2004,Hembra,168,4,2,7,,,,,,,,,
620ST,2004,Hembra,194,0,,,,,,,,,,,
627ST,2004,Hembra,135.5,0,,,,,,,,,,,
628ST,2004,Hembra,149,0,,,,,,,,,,,
629ST,2004,Hembra,160.5,1,6,6,,,,,,,,,
630ST,2005,Hembra,142.5,1,3,3,32.73,55,18,5.17,1.89,156.75,18.75,145.95,22.43
633ST,2005,Hembra,141.5,0,,,,,,,,,,,
634ST,2005,Hembra,136,0,,,,,,,,,,,
636ST,2005,Hembra,140.5,0,,,,,,,,,,,
638ST,2005,Hembra,148.5,0,,,,,,,,,,,
639ST,2005,Hembra,180.5,0,,,,,,,,,,,
640ST,2005,Hembra,153,1,4,4,,,,,,,,,
645ST,2005,Hembra,142,3,6,8,,,,,,,,,
647ST,2005,Hembra,170.5,1,6,6,,,,,,,,,
649ST,2005,Hembra,161,1,3,3,,,,,,,,,
651ST,2005,Hembra,115.5,0,,,,,,,,,,,
655ST,2005,Hembra,118,4,5,8,,,,,,,,,
656ST,2005,Hembra,133,0,,,,,,,,,,,
658ST,2005,Hembra,136,0,,,,,,,,,,,
659ST,2005,Hembra,146.5,0,,,,,,,,,,,
661ST,2005,Hembra,117.5,0,,,,,,,,,,,
663ST,2005,Hembra,147,1,6,6,,,,,,,,,
665ST,2005,Hembra,145,0,,,,,,,,,,,
667ST,2005,Hembra,176.5,0,,,,,,,,,,,
668ST,2005,Hembra,156,0,,,,,,,,,,,
672ST,2005,Hembra,141.5,0,,,,,,,,,,,
673ST,2005,Hembra,150.5,4,2,11,,,,,,,,,
674ST,2005,Hembra,166,0,,,,,,,,,,,
675ST,2005,Hembra,122.5,0,,,,,,,,,,,
676ST,2005,Hembra,142.5,1,13,13,,,,,,,,,
677ST,2005,Hembra,129.5,0,,,,,,,,,,,
681ST,2005,Hembra,177.5,0,,,,,,,,,,,
682ST,2005,Hembra,172.6,0,,,,,,,,,,,
683ST,2005,Hembra,107.5,0,,,,,,,,,,,
684ST,2005,Hembra,136,0,,,,,,,,,,,
685ST,2005,Hembra,166,0,,,,,,,,,,,
687ST,2005,Hembra,154.5,0,,,,,,,,,,,
688ST,2005,Hembra,157.5,1,3,3,,,,,,,,,
689ST,2005,Hembra,140,0,,,,,,,,,,,
690ST,2005,Hembra,167.5,1,11,11,,,,,,,,,
691ST,2005,Hembra,143,0,,Muerto año de nacimiento,,,,,,,,,
693ST,2005,Hembra,170,0,,,,,,,,,,,
694ST,2005,Hembra,168,0,,,,,,,,,,,
695ST,2005,Hembra,185.5,0,,,,,,,,,,,
700ST,2005,Hembra,143,0,,,,,,,,,,,
701ST,2005,Hembra,145,0,,,,,,,,,,,
704ST,2005,Hembra,148,0,,,,,,,,,,,
705ST,2005,Hembra,138.5,0,,,,,,,,,,,
708ST,2005,Hembra,71.5,0,,,,,,,,,,,
712ST,2005,Hembra,157,0,,,,,,,,,,,
714ST,2005,Hembra,134,0,,,,,,,,,,,
715ST,2005,Hembra,161.5,7,5,13,,,,,,,,,
716ST,2005,Hembra,151,1,5,5,,,,,,,,,
719ST,2005,Hembra,181,8,4,13,,,,,,,,,
720ST,2005,Hembra,153,9,4,13,,,,,,,,,
724ST,2005,Hembra,162,1,6,6,,,,,,,,,
726ST,2005,Hembra,208.5,3,5,7,,,,,,,,,
727ST,2005,Hembra,152.5,0,,,,,,,,,,,
728ST,2005,Hembra,152.5,6,2,10,,,,,,,,,
729ST,2005,Hembra,157.5,0,,,,,,,,,,,
731ST,2006,Hembra,186,0,,,40,60,24,4.83,1.67,158.46,22.88,161.31,29.52
734ST,2006,Hembra,176,3,6,9,,,,,,,,,
735ST,2006,Hembra,157.5,0,,,,,,,,,,,
736ST,2006,Hembra,148,0,,,,,,,,,,,
740ST,2006,Hembra,98,0,,,,,,,,,,,
741ST,2006,Hembra,153.5,2,7,10,,,,,,,,,
742ST,2006,Hembra,127.5,0,,,,,,,,,,,
743ST,2006,Hembra,172,10,2,12,,,,,,,,,
746ST,2006,Hembra,157,1,4,4,,,,,,,,,
748ST,2006,Hembra,189,0,,,,,,,,,,,
753ST,2006,Hembra,155,2,4,5,,,,,,,,,
754ST,2006,Hembra,113,0,,,,,,,,,,,
761ST,2006,Hembra,171.5,6,5,11,,,,,,,,,
763ST,2006,Hembra,129.5,2,4,5,,,,,,,,,
767ST,2006,Hembra,146.5,3,1,6,,,,,,,,,
770ST,2006,Hembra,141.5,0,,,,,,,,,,,
771ST,2006,Hembra,179,0,,,,,,,,,,,
773ST,2006,Hembra,166.5,1,7,7,,,,,,,,,
774ST,2006,Hembra,146,0,,,,,,,,,,,
779ST,2006,Hembra,161.5,0,,,,,,,,,,,
780ST,2006,Hembra,158,0,,,,,,,,,,,
783ST,2006,Hembra,204.5,0,,,,,,,,,,,
786st,2006,Hembra,147.5,4,3,6,,,,,,,,,
787ST,2006,Hembra,157,3,,,,,,,,,,,
791ST,2006,Hembra,179,0,,,,,,,,,,,
794ST,2006,Hembra,187.5,0,,,,,,,,,,,
796ST,2006,Hembra,199.5,1,4,4,,,,,,,,,
800ST,2006,Hembra,171,0,,,,,,,,,,,
805ST,2006,Hembra,225.5,0,,,,,,,,,,,
806ST,2006,Hembra,143.5,0,,,,,,,,,,,
807ST,2006,Hembra,185.5,0,,,,,,,,,,,
810ST,2006,Hembra,142.5,0,,,,,,,,,,,
813ST,2006,Hembra,141.5,0,,,,,,,,,,,
815ST,2006,Hembra,133.5,2,2,3,,,,,,,,,
816ST,2006,Hembra,150.5,0,,,,,,,,,,,
817ST,2006,Hembra,185.5,7,3,12,,,,,,,,,
819ST,2006,Hembra,151.5,5,6,12,,,,,,,,,
822ST,2006,Hembra,179,0,,,,,,,,,,,
828ST,2006,Hembra,147.5,2,6,12,,,,,,,,,
829ST,2006,Hembra,162,3,5,7,,,,,,,,,
830ST,2006,Hembra,160.5,0,,,,,,,,,,,
832ST,2006,Hembra,220.5,0,,,,,,,,,,,
833ST,2006,Hembra,162,5,5,12,,,,,,,,,
837ST,2006,Hembra,155.5,1,4,4,,,,,,,,,
838ST,2006,Hembra,207,1,9,9,,,,,,,,,
839ST,2006,Hembra,141.5,0,,,,,,,,,,,
843ST,2006,Hembra,179.5,0,,,,,,,,,,,
850ST,2006,Hembra,147,0,,,,,,,,,,,
853ST,2006,Hembra,102,0,,,,,,,,,,,
856ST,2006,Hembra,130,0,,,,,,,,,,,
857ST,2006,Hembra,142.5,0,,,,,,,,,,,
861ST,2006,Hembra,154,4,3,9,,,,,,,,,
862ST,2006,Hembra,166,0,,,,,,,,,,,
865ST,2006,Hembra,186.5,0,,,,,,,,,,,
866ST,2006,Hembra,191,1,6,6,,,,,,,,,
867ST,2006,Hembra,175.5,0,,,,,,,,,,,
868ST,2006,Hembra,101.5,1,6,6,,,,,,,,,
869ST,2006,Hembra,134,1,10,10,,,,,,,,,
870ST,2006,Hembra,145,4,4,12,,,,,,,,,
872ST,2006,Hembra,179.5,0,,,,,,,,,,,
878ST,2007,Hembra,161,3,9,11,50.91,55,28,5.14,2.41,156.50,20.86,145.91,25.89
879ST,2007,Hembra,129.5,2,5,11,,,,,,,,,
881ST,2007,Hembra,108,0,,,,,,,,,,,
882ST,2007,Hembra,153,0,,,,,,,,,,,
883ST,2007,Hembra,118.5,1,5,5,,,,,,,,,
884ST,2007,Hembra,180.5,0,,,,,,,,,,,
885ST,2007,Hembra,130.5,0,,,,,,,,,,,
886ST,2007,Hembra,116.5,0,,,,,,,,,,,
887ST,2007,Hembra,155,1,8,8,,,,,,,,,
888ST,2007,Hembra,153,7,2,10,,,,,,,,,
892ST,2007,Hembra,223,7,2,11,,,,,,,,,
893ST,2007,Hembra,97.5,0,,,,,,,,,,,
894ST,2007,Hembra,147,1,4,4,,,,,,,,,
895ST,2007,Hembra,167.5,3,5,6,,,,,,,,,
896ST,2007,Hembra,170.5,1,8,8,,,,,,,,,
898ST,2007,Hembra,140,3,4,10,,,,,,,,,
900ST,2007,Hembra,123.5,1,2,2,,,,,,,,,
902ST,2007,Hembra,135.5,0,,,,,,,,,,,
904ST,2007,Hembra,180.5,0,,,,,,,,,,,
905ST,2007,Hembra,190,0,,,,,,,,,,,
907ST,2007,Hembra,154,0,,,,,,,,,,,
908ST,2007,Hembra,162,3,3,6,,,,,,,,,
910ST,2007,Hembra,163,0,,,,,,,,,,,
912ST,2007,Hembra,135,0,,,,,,,,,,,
915ST,2007,Hembra,130,0,,,,,,,,,,,
921ST,2007,Hembra,150.5,0,,,,,,,,,,,
924ST,2007,Hembra,135,0,,,,,,,,,,,
926ST,2007,Hembra,113.5,0,,,,,,,,,,,
928ST,2007,Hembra,166,1,9,9,,,,,,,,,
929ST,2007,Hembra,152,1,1,1,,,,,,,,,
930ST,2007,Hembra,166.5,4,9,11,,,,,,,,,
931ST,2007,Hembra,96.5,0,,,,,,,,,,,
933ST,2007,Hembra,127,1,3,3,,,,,,,,,
934ST,2007,Hembra,150,0,,,,,,,,,,,
935ST,2007,Hembra,167.5,2,5,8,,,,,,,,,
936ST,2007,Hembra,160.5,3,2,5,,,,,,,,,
937ST,2007,Hembra,135,0,,,,,,,,,,,
938ST,2007,Hembra,162.5,2,5,10,,,,,,,,,
942ST,2007,Hembra,148,1,9,9,,,,,,,,,
943ST,2007,Hembra,166,1,5,5,,,,,,,,,
944ST,2007,Hembra,173,6,4,11,,,,,,,,,
947ST,2007,Hembra,184.5,0,,,,,,,,,,,
948ST,2007,Hembra,162,0,,,,,,,,,,,
950ST,2007,Hembra,145,1,11,11,,,,,,,,,
954ST,2007,Hembra,170,1,6,6,,,,,,,,,
956ST,2007,Hembra,133,0,,,,,,,,,,,
957ST,2007,Hembra,177,7,2,11,,,,,,,,,
958ST,2007,Hembra,171,1,11,11,,,,,,,,,
959ST,2007,Hembra,147.5,1,4,4,,,,,,,,,
961ST,2007,Hembra,170.5,0,,,,,,,,,,,
965ST,2007,Hembra,132,2,1,6,,,,,,,,,
970ST,2007,Hembra,173.5,0,,,,,,,,,,,
973ST,2007,Hembra,147.5,0,,,,,,,,,,,
974ST,2007,Hembra,160,0,,,,,,,,,,,
975ST,2007,Hembra,154,0,,,,,,,,,,,
977ST,2008,Hembra,140.5,3,8,10,30.3,66,20,5.05,1.67,170.29,17.45,159.84,22.41
978ST,2008,Hembra,171,2,4,9,,,,,,,,,
979ST,2008,Hembra,178,0,,,,,,,,,,,
983ST,2008,Hembra,190,0,,,,,,,,,,,
986ST,2008,Hembra,161,0,,,,,,,,,,,
987ST,2008,Hembra,162,0,,,,,,,,,,,
988ST,2008,Hembra,180.5,1,4,4,,,,,,,,,
989ST,2008,Hembra,148,0,,,,,,,,,,,
992ST,2008,Hembra,129.5,0,,,,,,,,,,,
993ST,2008,Hembra,154.5,0,,,,,,,,,,,
994ST,2008,Hembra,158,1,3,3,,,,,,,,,
995ST,2008,Hembra,148,0,,,,,,,,,,,
996ST,2008,Hembra,166.5,0,,,,,,,,,,,
998ST,2008,Hembra,140.5,0,,,,,,,,,,,
999ST,2008,Hembra,126,0,,,,,,,,,,,
1001ST,2008,Hembra,158,0,,,,,,,,,,,
1002ST,2008,Hembra,188,0,,,,,,,,,,,
1003ST,2008,Hembra,158,0,,,,,,,,,,,
1005ST,2008,Hembra,188.5,0,,,,,,,,,,,
1007ST,2008,Hembra,200.5,0,,,,,,,,,,,
1008ST,2008,Hembra,189.5,1,4,4,,,,,,,,,
1014ST,2008,Hembra,144,1,4,4,,,,,,,,,
1017ST,2008,Hembra,165,0,,,,,,,,,,,
1018ST,2008,Hembra,146,0,,,,,,,,,,,
1021ST,2008,Hembra,196.5,1,8,8,,,,,,,,,
1024ST,2008,Hembra,176,0,,,,,,,,,,,
1025ST,2008,Hembra,169.5,0,,,,,,,,,,,
1027ST,2008,Hembra,183.5,0,,,,,,,,,,,
1028ST,2008,Hembra,122,0,,,,,,,,,,,
1031ST,2008,Hembra,160,1,4,4,,,,,,,,,
1032ST,2008,Hembra,167.5,0,,,,,,,,,,,
1034ST,2008,Hembra,173,2,4,10,,,,,,,,,
1035ST,2008,Hembra,172,0,,,,,,,,,,,
1036ST,2008,Hembra,105,0,,,,,,,,,,,
1038ST,2008,Hembra,168.5,0,,,,,,,,,,,
1042ST,2008,Hembra,171,1,3,3,,,,,,,,,
1044ST,2008,Hembra,147.5,0,,,,,,,,,,,
1046ST,2008,Hembra,140.5,0,,,,,,,,,,,
1047ST,2008,Hembra,164.5,0,,,,,,,,,,,
1048ST,2008,Hembra,139,0,,,,,,,,,,,
1051ST,2008,Hembra,167.5,0,,,,,,,,,,,
1054ST,2008,Hembra,166,0,,,,,,,,,,,
1055ST,2008,Hembra,170.5,2,7,10,,,,,,,,,
1056ST,2008,Hembra,174,0,,,,,,,,,,,
1057ST,2008,Hembra,176.5,1,2,2,,,,,,,,,
1058ST,2008,Hembra,198,4,7,10,,,,,,,,,
1067ST,2008,Hembra,188,2,4,7,,,,,,,,,
1068ST,2008,Hembra,176.5,0,,,,,,,,,,,
1071ST,2008,Hembra,147,0,,,,,,,,,,,
1072ST,2008,Hembra,168.5,0,,,,,,,,,,,
1073ST,2008,Hembra,175.5,0,,,,,,,,,,,
1074ST,2008,Hembra,148.5,0,,,,,,,,,,,
1075ST,2008,Hembra,147.5,0,,,,,,,,,,,
1076ST,2008,Hembra,162.5,0,,,,,,,,,,,
1077ST,2008,Hembra,88,0,,,,,,,,,,,
1078ST,2008,Hembra,176.5,0,,,,,,,,,,,
1079ST,2008,Hembra,134,2,5,8,,,,,,,,,
1081ST,2008,Hembra,168.5,2,8,9,,,,,,,,,
1082ST,2008,Hembra,175.5,1,9,9,,,,,,,,,
1083ST,2008,Hembra,194,0,,,,,,,,,,,
1086ST,2008,Hembra,172.5,2,4,8,,,,,,,,,
1087ST,2008,Hembra,168,1,4,4,,,,,,,,,
1088ST,2008,Hembra,180,0,,,,,,,,,,,
1090ST,2008,Hembra,152,0,,,,,,,,,,,
1092ST,2008,Hembra,165,0,,,,,,,,,,,
1093ST,2008,Hembra,190,1,5,5,,,,,,,,,
A2,2010,Hembra,126.5,0,,,25,44,11,5.00,2.00,161.41,29.68,154.64,31.60
A5,2010,Hembra,148.5,0,,,,,,,,,,,
A8,2010,Hembra,149.5,0,,,,,,,,,,,
A12,2010,Hembra,188,0,,,,,,,,,,,
A16,2010,Hembra,210,0,,,,,,,,,,,
A17,2010,Hembra,174.5,0,,,,,,,,,,,
A19,2010,Hembra,168.5,1,7,7,,,,,,,,,
A21,2010,Hembra,184,0,,,,,,,,,,,
A22,2010,Hembra,193.5,0,,,,,,,,,,,
A23,2010,Hembra,196.5,0,,,,,,,,,,,
A26,2010,Hembra,185,0,,,,,,,,,,,
A27,2010,Hembra,168,0,,,,,,,,,,,
A34,2010,Hembra,138.5,0,,,,,,,,,,,
A36,2010,Hembra,152.5,0,,,,,,,,,,,
A39,2010,Hembra,105.5,0,,,,,,,,,,,
A41,2010,Hembra,173,0,,,,,,,,,,,
A42,2010,Hembra,157.5,0,,,,,,,,,,,
A43,2010,Hembra,195,0,,,,,,,,,,,
A47,2010,Hembra,163,0,,,,,,,,,,,
A49,2010,Hembra,215,1,1,1,,,,,,,,,
A51,2010,Hembra,67.5,0,,,,,,,,,,,
A52,2010,Hembra,171.5,0,,,,,,,,,,,
A53,2010,Hembra,121.5,0,,,,,,,,,,,
A55,2010,Hembra,167.5,0,,,,,,,,,,,
A57,2010,Hembra,132.5,0,,,,,,,,,,,
A61,2010,Hembra,138.5,1,8,8,,,,,,,,,
A62,2010,Hembra,126.5,0,,,,,,,,,,,
A63,2010,Hembra,203,2,7,8,,,,,,,,,
A64,2010,Hembra,183,1,3,3,,,,,,,,,
A67,2010,Hembra,132.5,0,,,,,,,,,,,
A68,2010,Hembra,156,0,,,,,,,,,,,
A75,2010,Hembra,199,0,,,,,,,,,,,
A76,2010,Hembra,139.5,1,2,2,,,,,,,,,
A77,2010,Hembra,159.5,0,,,,,,,,,,,
A81,2010,Hembra,138.5,0,,,,,,,,,,,
A82,2010,Hembra,136,0,,,,,,,,,,,
A85,2010,Hembra,135,1,7,7,,,,,,,,,
A87,2010,Hembra,154,0,,,,,,,,,,,
A90,2010,Hembra,163,4,5,8,,,,,,,,,
A92,2010,Hembra,111,0,,,,,,,,,,,
A93,2010,Hembra,164,3,5,6,,,,,,,,,
A101,2010,Hembra,120.5,0,,,,,,,,,,,
A103,2010,Hembra,119.5,1,7,7,,,,,,,,,
A105,2010,Hembra,146.5,3,3,8,,,,,,,,,
A106,2011,Hembra,185.5,1,7,7,32.69,52,17,4.76,1.54,155.18,19.78,159.77,28.24
A108,2011,Hembra,146,1,6,6,,,,,,,,,
A111,2011,Hembra,146.5,1,6,6,,,,,,,,,
A112,2011,Hembra,178.5,0,,,,,,,,,,,
A115,2011,Hembra,188,0,,,,,,,,,,,
A116,2011,Hembra,145,0,,,,,,,,,,,
A121,2011,Hembra,143,0,,,,,,,,,,,
A123,2011,Hembra,199.5,1,7,7,,,,,,,,,
A124,2011,Hembra,167.5,0,,,,,,,,,,,
A127,2011,Hembra,150.5,1,6,6,,,,,,,,,
A129,2011,Hembra,117,0,,,,,,,,,,,
A131,2011,Hembra,151.5,0,,,,,,,,,,,
A133,2011,Hembra,175.5,0,,,,,,,,,,,
A134,2011,Hembra,102,0,,,,,,,,,,,
A136,2011,Hembra,201.5,0,,,,,,,,,,,
A139,2011,Hembra,116.5,0,,,,,,,,,,,
A140,2011,Hembra,160,4,4,7,,,,,,,,,
A141,2011,Hembra,172,0,,,,,,,,,,,
A142,2011,Hembra,151,1,7,7,,,,,,,,,
A143,2011,Hembra,138.5,0,,,,,,,,,,,
A146,2011,Hembra,142,1,7,7,,,,,,,,,
A148,2011,Hembra,134,3,2,7,,,,,,,,,
A149,2011,Hembra,170.5,0,,,,,,,,,,,
A151,2011,Hembra,164,0,,,,,,,,,,,
A153,2011,Hembra,205,0,,,,,,,,,,,
A155,2011,Hembra,130,0,,,,,,,,,,,
A163,2011,Hembra,151.5,0,,,,,,,,,,,
A164,2011,Hembra,124,1,5,5,,,,,,,,,
A166,2011,Hembra,175.5,1,4,4,,,,,,,,,
A168,2011,Hembra,122,0,,,,,,,,,,,
A170,2011,Hembra,164,0,,,,,,,,,,,
A171,2011,Hembra,168,0,,,,,,,,,,,
A174,2011,Hembra,140,0,,,,,,,,,,,
A175,2011,Hembra,168,1,4,4,,,,,,,,,
A178,2011,Hembra,139.5,1,5,5,,,,,,,,,
A180,2011,Hembra,188.5,0,,,,,,,,,,,
A183,2011,Hembra,136,0,,,,,,,,,,,
A184,2011,Hembra,180.5,0,,,,,,,,,,,
A187,2011,Hembra,191.5,0,,,,,,,,,,,
A191,2011,Hembra,209,0,,,,,,,,,,,
A196,2011,Hembra,201,0,,,,,,,,,,,
A199,2011,Hembra,175.5,1,4,4,,,,,,,,,
A200,2011,Hembra,147.5,4,4,7,,,,,,,,,
A201,2011,Hembra,158,0,,,,,,,,,,,
A202,2011,Hembra,138.5,0,,,,,,,,,,,
A205,2011,Hembra,150.5,0,,,,,,,,,,,
A209,2011,Hembra,139.5,0,,,,,,,,,,,
A210,2011,Hembra,137,0,,,,,,,,,,,
A211,2011,Hembra,205,0,,,,,,,,,,,
A212,2011,Hembra,145.5,0,,,,,,,,,,,
A217,2011,Hembra,139,4,1,7,,,,,,,,,
A219,2011,Hembra,154,4,2,7,,,,,,,,,
A222,2012,Hembra,101.5,0,,,18.75,48,9,4.44,1.51,148.72,32.22,137.77,21.96
A223,2012,Hembra,153,0,,,,,,,,,,,
A225,2012,Hembra,144,1,5,5,,,,,,,,,
A227,2012,Hembra,148.5,0,,,,,,,,,,,
A228,2012,Hembra,97.5,0,,,,,,,,,,,
A231,2012,Hembra,151,0,,,,,,,,,,,
A232,2012,Hembra,108,1,6,6,,,,,,,,,
A233,2012,Hembra,132.5,0,,,,,,,,,,,
A238,2012,Hembra,164.5,0,,,,,,,,,,,
A239,2012,Hembra,173.5,3,4,6,,,,,,,,,
A240,2012,Hembra,119.5,0,,,,,,,,,,,
A241,2012,Hembra,149.5,0,,,,,,,,,,,
A242,2012,Hembra,132.5,0,,,,,,,,,,,
A244,2012,Hembra,131,0,,,,,,,,,,,
A248,2012,Hembra,116,0,,,,,,,,,,,
A249,2012,Hembra,130,0,,,,,,,,,,,
A250,2012,Hembra,164,0,,,,,,,,,,,
A253,2012,Hembra,117,0,,,,,,,,,,,
A256,2012,Hembra,142,0,,,,,,,,,,,
A259,2012,Hembra,113,1,6,6,,,,,,,,,
A262,2012,Hembra,190.5,0,,,,,,,,,,,
A267,2012,Hembra,134,0,,,,,,,,,,,
A268,2012,Hembra,122,4,1,6,,,,,,,,,
A269,2012,Hembra,167,0,,,,,,,,,,,
A270,2012,Hembra,147.5,0,,,,,,,,,,,
A272,2012,Hembra,174.5,0,,,,,,,,,,,
A273,2012,Hembra,105,0,,,,,,,,,,,
A274,2012,Hembra,124,0,,,,,,,,,,,
A278,2012,Hembra,170,1,6,6,,,,,,,,,
A279,2012,Hembra,128.5,0,,,,,,,,,,,
A286,2012,Hembra,149.5,0,,,,,,,,,,,
A287,2012,Hembra,143,0,,,,,,,,,,,
A291,2012,Hembra,136,0,,,,,,,,,,,
A296,2012,Hembra,107,0,,,,,,,,,,,
A298,2012,Hembra,127,0,,,,,,,,,,,
A300,2012,Hembra,208,1,6,6,,,,,,,,,
A301,2012,Hembra,145,2,3,6,,,,,,,,,
A302,2012,Hembra,130,0,,,,,,,,,,,
A306,2012,Hembra,160.5,0,,,,,,,,,,,
A307,2012,Hembra,155,4,3,6,,,,,,,,,
A309,2012,Hembra,147,0,,,,,,,,,,,
A311,2012,Hembra,106,0,,,,,,,,,,,
A313,2012,Hembra,173,0,,,,,,,,,,,
A317,2012,Hembra,133,0,,,,,,,,,,,
A318,2012,Hembra,165.5,0,,,,,,,,,,,
A319,2012,Hembra,121,0,,,,,,,,,,,
A320,2012,Hembra,127,0,,,,,,,,,,,
A322,2012,Hembra,126.5,0,,,,,,,,,,,
A326,2013,Hembra,122,0,,,23.33,60,14,3.43,1.14,156.46,25.31,146.80,31.81
A331,2013,Hembra,164,2,2,5,,,,,,,,,
A332,2013,Hembra,199.5,0,,,,,,,,,,,
A333,2013,Hembra,125.5,0,,,,,,,,,,,
A334,2013,Hembra,144,0,,,,,,,,,,,
A336,2013,Hembra,162.5,0,,,,,,,,,,,
A338,2013,Hembra,148.5,0,,,,,,,,,,,
A341,2013,Hembra,105.5,0,,,,,,,,,,,
A342,2013,Hembra,105,0,,,,,,,,,,,
A345,2013,Hembra,111.5,0,,,,,,,,,,,
A346,2013,Hembra,192,2,2,5,,,,,,,,,
A347,2013,Hembra,137.5,0,,,,,,,,,,,
A349,2013,Hembra,68.5,0,,,,,,,,,,,
A350,2013,Hembra,196,0,,,,,,,,,,,
A352,2013,Hembra,172.5,0,,,,,,,,,,,
A353,2013,Hembra,154,0,,,,,,,,,,,
A354,2013,Hembra,152.5,0,,,,,,,,,,,
A358,2013,Hembra,101,1,5,5,,,,,,,,,
A359,2013,Hembra,152.5,1,5,5,,,,,,,,,
A361,2013,Hembra,172,0,,,,,,,,,,,
A364,2013,Hembra,154.5,0,,,,,,,,,,,
A367,2013,Hembra,121,0,,,,,,,,,,,
A368,2013,Hembra,146,1,4,4,,,,,,,,,
A369,2013,Hembra,124,0,,,,,,,,,,,
A371,2013,Hembra,104,0,,,,,,,,,,,
A372,2013,Hembra,83,0,,,,,,,,,,,
A375,2013,Hembra,162.5,0,,,,,,,,,,,
A379,2013,Hembra,134,0,,,,,,,,,,,
A380,2013,Hembra,116.5,0,,,,,,,,,,,
A382,2013,Hembra,104.5,0,,,,,,,,,,,
A385,2013,Hembra,169,0,,,,,,,,,,,
A390,2013,Hembra,150,0,,,,,,,,,,,
A391,2013,Hembra,90.5,0,,,,,,,,,,,
A394,2013,Hembra,167.5,0,,,,,,,,,,,
A395,2013,Hembra,167.5,0,,,,,,,,,,,
A397,2013,Hembra,118.5,0,,,,,,,,,,,
A398,2013,Hembra,155.5,0,,,,,,,,,,,
A400,2013,Hembra,184.5,0,,,,,,,,,,,
A401,2013,Hembra,207.5,1,2,2,,,,,,,,,
A402,2013,Hembra,187,0,,,,,,,,,,,
A405,2013,Hembra,174,2,4,5,,,,,,,,,
A406,2013,Hembra,144,1,4,4,,,,,,,,,
A408,2013,Hembra,141,1,5,5,,,,,,,,,
A411,2013,Hembra,174,0,,,,,,,,,,,
A412,2013,Hembra,148,2,3,5,,,,,,,,,
A415,2013,Hembra,161,1,2,2,,,,,,,,,
A417,2013,Hembra,170.5,0,,,,,,,,,,,
A418,2013,Hembra,157.5,0,,,,,,,,,,,
A421,2013,Hembra,137.5,1,5,5,,,,,,,,,
A423,2013,Hembra,174,0,,,,,,,,,,,
A424,2013,Hembra,137.5,0,,,,,,,,,,,
A427,2013,Hembra,147.5,0,,,,,,,,,,,
A430,2013,Hembra,161,0,,,,,,,,,,,
A431,2013,Hembra,201.5,0,,,,,,,,,,,
A432,2013,Hembra,162.5,1,2,2,,,,,,,,,
A434,2013,Hembra,159.5,0,,,,,,,,,,,
A435,2013,Hembra,146,0,,,,,,,,,,,
A438,2013,Hembra,194.5,0,,,,,,,,,,,
A440,2013,Hembra,158.5,0,,,,,,,,,,,
A441,2013,Hembra,159.5,1,3,3,,,,,,,,,
A444,2014,Hembra,104.5,0,,,27.59,29,8,3.13,1.09,152.81,16.19,153.26,25.12
A445,2014,Hembra,140,0,,,,,,,,,,,
A447,2014,Hembra,180,0,,,,,,,,,,,
A449,2014,Hembra,116.5,0,,,,,,,,,,,
A451,2014,Hembra,155,0,,,,,,,,,,,
A452,2014,Hembra,137.5,0,,,,,,,,,,,
A453,2014,Hembra,161.5,0,,,,,,,,,,,
A459,2014,Hembra,161.5,0,,,,,,,,,,,
A460,2014,Hembra,129,1,4,4,,,,,,,,,
A461,2014,Hembra,158,0,,,,,,,,,,,
A464,2014,Hembra,165,2,3,4,,,,,,,,,
A466,2014,Hembra,175.5,1,1,1,,,,,,,,,
A467,2014,Hembra,157,0,,,,,,,,,,,
A468,2014,Hembra,193.5,0,,,,,,,,,,,
A470,2014,Hembra,144.5,2,1,4,,,,,,,,,
A476,2014,Hembra,110.5,0,,,,,,,,,,,
A478,2014,Hembra,161,0,,,,,,,,,,,
A479,2014,Hembra,128,0,,,,,,,,,,,
A480,2014,Hembra,155,1,4,4,,,,,,,,,
A481,2014,Hembra,161,1,4,4,,,,,,,,,
A482,2014,Hembra,167.5,0,,,,,,,,,,,
A484,2014,Hembra,175.5,0,,,,,,,,,,,
A485,2014,Hembra,132.5,1,4,4,,,,,,,,,
A486,2014,Hembra,153.5,0,,,,,,,,,,,
A487,2014,Hembra,148,0,,,,,,,,,,,
A488,2014,Hembra,144.5,0,,,,,,,,,,,
A489,2014,Hembra,160,1,4,4,,,,,,,,,
A490,2014,Hembra,204,0,,,,,,,,,,,
A492,2014,Hembra,161,0,,,,,,,,,,,
A494,2015,Hembra,118,0,,,0,15,0,0.00,0.00,NO TENIDO EN CUENTA,,,
A497,2015,Hembra,177,0,,,,,,,,,,,
A498,2015,Hembra,196.5,0,,,,,,,,,,,
A499,2015,Hembra,120,0,,,,,,,,,,,
A502,2015,Hembra,98,0,,,,,,,,,,,
A506,2015,Hembra,137.5,0,,,,,,,,,,,
A510,2015,Hembra,175,0,,,,,,,,,,,
A512,2015,Hembra,140.5,0,,,,,,,,,,,
A513,2015,Hembra,220,0,,,,,,,,,,,
A514,2015,Hembra,160,0,,,,,,,,,,,
A518,2015,Hembra,137,0,,,,,,,,,,,
A525,2015,Hembra,160,0,,,,,,,,,,,
A526,2015,Hembra,143,0,,,,,,,,,,,
A528,2015,Hembra,210,0,,,,,,,,,,,
A529,2015,Hembra,170,0,,,,,,,,,,,
HEMBRAS,,,,,,,31.58,741,234,5.21,2.29,155.68,23.78,150.13,26.89
12ST,1995,Macho,151.5,3,6,15,100,1,1,3.00,0.00,NO TENIDO EN CUENTA,,,
67ST,1998,Macho,137,2,2,12,100,9,9,4.56,2.40,NO TENIDO EN CUENTA,,,
72ST,1998,Macho,182,6,7,17,,,,,,,,,
78ST,1998,Macho,155,2,2,4,,,,,,,,,
81ST,1998,Macho,162.5,1,2,2,,,,,,,,,
83ST,1998,Macho,196.5,2,8,10,,,,,,,,,
84ST,1998,Macho,167,3,6,10,,,,,,,,,
105ST,1998,Macho,163,2,8,18,,,,,,,,,
115ST,1998,Macho,168.5,3,3,5,,,,,,,,,
121ST,1998,Macho,128,6,3,9,,,,,,,,,
126ST,2001,Macho,181.5,0,,,26.83,41,11,8.73,4.79,150.92,30.33,163.03,19.75
129ST,2001,Macho,135,2,2,4,,,,,,,,,
130st,2001,Macho,168.5,0,,,,,,,,,,,
131st,2001,Macho,146.5,0,,,,,,,,,,,
132ST,2001,Macho,134,0,,,,,,,,,,,
133ST,2001,Macho,165.5,0,,,,,,,,,,,
134ST,2001,Macho,171,1,16,16,,,,,,,,,
135ST,2001,Macho,123,2,4,5,,,,,,,,,
138ST,2001,Macho,171,1,15,15,,,,,,,,,
140ST,2001,Macho,187,0,,,,,,,,,,,
141ST,2001,Macho,225,1,5,5,,,,,,,,,
146ST,2001,Macho,148,0,,,,,,,,,,,
148st,2001,Macho,159,0,,,,,,,,,,,
149st,2001,Macho,180.5,0,,,,,,,,,,,
150ST,2001,Macho,150,0,,,,,,,,,,,
151ST,2001,Macho,173,0,,,,,,,,,,,
155ST,2001,Macho,161,1,3,3,,,,,,,,,
156ST,2001,Macho,195,0,,,,,,,,,,,
157ST,2001,Macho,137,1,11,11,,,,,,,,,
158ST,2001,Macho,151,0,,,,,,,,,,,
162ST,2001,Macho,185.5,0,,Murió el mismo año de nacimiento,,,,,,,,,
163ST,2001,Macho,150.5,0,,,,,,,,,,,
165ST,2001,Macho,141.5,1,17,17,,,,,,,,,
172ST,2001,Macho,118,4,7,14,,,,,,,,,
176ST,2001,Macho,126,3,5,11,,,,,,,,,
177ST,2001,Macho,119,0,,,,,,,,,,,
179ST,2001,Macho,172,0,,,,,,,,,,,
180ST,2001,Macho,181,0,,,,,,,,,,,
182ST,2001,Macho,144,0,,,,,,,,,,,
188ST,2001,Macho,145,0,,,,,,,,,,,
189ST,2001,Macho,206,0,,,,,,,,,,,
190ST,2001,Macho,147.5,0,,,,,,,,,,,
191ST,2001,Macho,170,1,,,,,,,,,,,
193ST,2001,Macho,163,0,,,,,,,,,,,
194ST,2001,Macho,153,0,,,,,,,,,,,
196ST,2001,Macho,148,0,,,,,,,,,,,
198ST,2001,Macho,132.5,1,11,11,,,,,,,,,
199ST,2001,Macho,168,0,,,,,,,,,,,
200ST,2001,Macho,149,0,,,,,,,,,,,
201ST,2001,Macho,184,0,,,,,,,,,,,
202ST,2001,Macho,173,0,,,,,,,,,,,
205ST,2002,Macho,148,0,,,17.44,86,15,9.00,4.13,160.53,36.13,159.04,27.91
206ST,2002,Macho,173.5,0,,,,,,,,,,,
208ST,2002,Macho,175.5,0,,,,,,,,,,,
209ST,2002,Macho,159,0,,,,,,,,,,,
210ST,2002,Macho,152,0,,,,,,,,,,,
212ST,2002,Macho,144.5,0,,,,,,,,,,,
213ST,2002,Macho,130,0,,,,,,,,,,,
218ST,2002,Macho,163.5,0,,,,,,,,,,,
221ST,2002,Macho,95,0,,,,,,,,,,,
222ST,2002,Macho,168.5,0,,,,,,,,,,,
223ST,2002,Macho,149.5,0,,,,,,,,,,,
225ST,2002,Macho,106,0,,,,,,,,,,,
226ST,2002,Macho,93,0,,,,,,,,,,,
227ST,2002,Macho,161.5,0,,,,,,,,,,,
230ST,2002,Macho,161,0,,,,,,,,,,,
232ST,2002,Macho,93,0,,,,,,,,,,,
233ST,2002,Macho,133,0,,,,,,,,,,,
235ST,2002,Macho,172.5,0,,,,,,,,,,,
238ST,2002,Macho,173,0,,,,,,,,,,,
241ST,2002,Macho,145,0,,,,,,,,,,,
242ST,2002,Macho,200,0,,,,,,,,,,,
243ST,2002,Macho,155.5,0,,,,,,,,,,,
246ST,2002,Macho,190.5,0,,,,,,,,,,,
248ST,2002,Macho,162,0,,,,,,,,,,,
249ST,2002,Macho,193,1,10,10,,,,,,,,,
250ST,2002,Macho,93,1,13,13,,,,,,,,,
252ST,2002,Macho,155.5,0,,,,,,,,,,,
254ST,2002,Macho,123.5,0,,,,,,,,,,,
256ST,2002,Macho,175.5,8,4,15,,,,,,,,,
262ST,2002,Macho,162.5,0,,,,,,,,,,,
263ST,2002,Macho,169.5,0,,,,,,,,,,,
267ST,2002,Macho,141.5,0,,,,,,,,,,,
271ST,2002,Macho,152.5,0,,,,,,,,,,,
272ST,2002,Macho,181.5,0,,,,,,,,,,,
273ST,2002,Macho,161.5,0,,,,,,,,,,,
274ST,2002,Macho,170.5,0,,,,,,,,,,,
277ST,2002,Macho,98.5,2,10,15,,,,,,,,,
278ST,2002,Macho,156,0,,,,,,,,,,,
280ST,2002,Macho,171,0,,,,,,,,,,,
281ST,2002,Macho,145,0,,,,,,,,,,,
284ST,2002,Macho,168.5,0,,,,,,,,,,,
286ST,2002,Macho,148.5,0,,,,,,,,,,,
287ST,2002,Macho,153.5,0,,,,,,,,,,,
288ST,2002,Macho,162,0,,,,,,,,,,,
289ST,2002,Macho,195,0,,,,,,,,,,,
290ST,2002,Macho,187.5,0,,,,,,,,,,,
292ST,2002,Macho,185,0,,,,,,,,,,,
297ST,2002,Macho,145.5,1,8,8,,,,,,,,,
303ST,2002,Macho,159.5,0,,,,,,,,,,,
306ST,2002,Macho,169,0,,,,,,,,,,,
307ST,2002,Macho,158.5,0,,,,,,,,,,,
308ST,2002,Macho,139.5,0,,,,,,,,,,,
309ST,2002,Macho,199,1,8,8,,,,,,,,,
311ST,2002,Macho,172,0,,,,,,,,,,,
313ST,2002,Macho,252.5,0,,,,,,,,,,,
318ST,2002,Macho,177.5,1,6,,,,,,,,,,
319ST,2002,Macho,192,1,16,16,,,,,,,,,
320ST,2002,Macho,182,0,,,,,,,,,,,
321ST,2002,Macho,163,0,,,,,,,,,,,
324ST,2002,Macho,172.5,0,,,,,,,,,,,
325ST,2002,Macho,193.5,1,11,11,,,,,,,,,
326ST,2002,Macho,136,0,,,,,,,,,,,
327ST,2002,Macho,182,0,,,,,,,,,,,
328ST,2002,Macho,201,0,,,,,,,,,,,
329ST,2002,Macho,198,0,,,,,,,,,,,
330ST,2002,Macho,153.5,0,,,,,,,,,,,
333ST,2002,Macho,147,0,,,,,,,,,,,
334ST,2002,Macho,171.5,0,,,,,,,,,,,
340ST,2002,Macho,195,0,,,,,,,,,,,
341ST,2002,Macho,138.5,1,11,11,,,,,,,,,
344ST,2002,Macho,118,1,2,2,,,,,,,,,
345ST,2002,Macho,119,0,,,,,,,,,,,
347ST,2002,Macho,197,1,16,16,,,,,,,,,
349ST,2002,Macho,158.5,1,16,16,,,,,,,,,
350ST,2002,Macho,223,0,,,,,,,,,,,
355ST,2002,Macho,134,0,,,,,,,,,,,
356ST,2002,Macho,143.5,1,1,1,,,,,,,,,
357ST,2002,Macho,131.5,0,,,,,,,,,,,
359ST,2002,Macho,185,1,3,3,,,,,,,,,
364ST,2002,Macho,168,0,,,,,,,,,,,
366ST,2002,Macho,150.5,0,,,,,,,,,,,
369ST,2002,Macho,144,0,,,,,,,,,,,
372ST,2002,Macho,107,0,,,,,,,,,,,
373ST,2002,Macho,171.5,0,,,,,,,,,,,
374ST,2002,Macho,130,0,,,,,,,,,,,
375ST,2002,Macho,165.5,0,,,,,,,,,,,
380ST,2003,Macho,139.5,7,3,9,27.14,70,19,4.21,2.29,150.60,23.75,160.92,26.67
383ST,2003,Macho,166.5,0,,,,,,,,,,,
384ST,2003,Macho,153,3,3,8,,,,,,,,,
386st,2003,Macho,176,0,,,,,,,,,,,
390st,2003,Macho,191.5,0,,,,,,,,,,,
392st,2003,Macho,186,0,,,,,,,,,,,
393st,2003,Macho,150,0,,,,,,,,,,,
395st,2003,Macho,120,1,7,7,,,,,,,,,
397st,2003,Macho,96.5,0,,,,,,,,,,,
401st,2003,Macho,156.5,0,,,,,,,,,,,
402st,2003,Macho,162.5,0,,,,,,,,,,,
403ST,2003,Macho,144.5,2,2,5,,,,,,,,,
405st,2003,Macho,128,0,,,,,,,,,,,
407st,2003,Macho,167.5,0,,,,,,,,,,,
408st,2003,Macho,179,0,,,,,,,,,,,
410st,2003,Macho,185.5,0,,,,,,,,,,,
413st,2003,Macho,155,1,8,8,,,,,,,,,
416st,2003,Macho,161.5,1,7,7,,,,,,,,,
418ST,2003,Macho,124,1,,,,,,,,,,,
421st,2003,Macho,141.5,0,,,,,,,,,,,
422st,2003,Macho,166.5,0,,,,,,,,,,,
423st,2003,Macho,178,0,,,,,,,,,,,
425st,2003,Macho,184,0,,,,,,,,,,,
427st,2003,Macho,162.5,0,,,,,,,,,,,
428st,2003,Macho,130.5,0,,,,,,,,,,,
429st,2003,Macho,165,1,10,10,,,,,,,,,
430st,2003,Macho,188,1,1,1,,,,,,,,,
433st,2003,Macho,148,1,2,2,,,,,,,,,
435st,2003,Macho,194.5,0,,,,,,,,,,,
436st,2003,Macho,177,0,,,,,,,,,,,
437st,2003,Macho,168.5,0,,,,,,,,,,,
438st,2003,Macho,162,0,,,,,,,,,,,
439st,2003,Macho,143,0,,,,,,,,,,,
440st,2003,Macho,183,3,3,7,,,,,,,,,
443ST,2003,Macho,161,2,2,8,,,,,,,,,
445st,2003,Macho,93,1,2,2,,,,,,,,,
447st,2003,Macho,177.5,1,3,3,,,,,,,,,
449st,2003,Macho,111.5,0,,,,,,,,,,,
450st,2003,Macho,168.5,0,,,,,,,,,,,
453st,2003,Macho,221,0,,,,,,,,,,,
458st,2003,Macho,141,0,,,,,,,,,,,
459st,2003,Macho,179.5,1,8,8,,,,,,,,,
461st,2003,Macho,161,0,,,,,,,,,,,
462st,2003,Macho,173.5,0,,,,,,,,,,,
463st,2003,Macho,183,0,,,,,,,,,,,
464st,2003,Macho,121,0,,,,,,,,,,,
465st,2003,Macho,154.5,0,,,,,,,,,,,
466st,2003,Macho,131.5,0,,,,,,,,,,,
467st,2003,Macho,104.5,0,,,,,,,,,,,
469ST,2003,Macho,122,1,3,3,,,,,,,,,
473st,2003,Macho,162.5,0,,,,,,,,,,,
474st,2003,Macho,149,0,,,,,,,,,,,
475st,2003,Macho,180.5,0,,,,,,,,,,,
476st,2003,Macho,131.5,0,,,,,,,,,,,
477ST,2003,Macho,154.5,6,3,9,,,,,,,,,
482st,2003,Macho,166.5,0,,,,,,,,,,,
483st,2003,Macho,201,0,,,,,,,,,,,
487st,2003,Macho,145.5,0,,,,,,,,,,,
488st,2003,Macho,160,0,,,,,,,,,,,
489st,2003,Macho,134.5,4,7,12,,,,,,,,,
490st,2003,Macho,204,0,,,,,,,,,,,
498st,2003,Macho,156,5,3,12,,,,,,,,,
498ST,2003,Macho,152.5,3,3,12,,,,,,,,,
500st,2003,Macho,168,0,,,,,,,,,,,
502st,2003,Macho,187.5,0,,,,,,,,,,,
505st,2003,Macho,190,0,,,,,,,,,,,
507st,2003,Macho,153,0,,,,,,,,,,,
508st,2003,Macho,168,0,,,,,,,,,,,
509st,2003,Macho,147.5,0,,,,,,,,,,,
511st,2003,Macho,107,0,,,,,,,,,,,
516ST,2004,Macho,95.5,0,,,27.59,58,16,6.13,2.64,171.63,22.14,166.45,29.26
517ST,2004,Macho,163,1,1,1,,,,,,,,,
518ST,2004,Macho,161,1,8,8,,,,,,,,,
520ST,2004,Macho,107.5,0,,,,,,,,,,,
522ST,2004,Macho,199.5,0,,,,,,,,,,,
523ST,2004,Macho,164,0,,,,,,,,,,,
526ST,2004,Macho,160,2,8,13,,,,,,,,,
529ST,2004,Macho,195,0,,,,,,,,,,,
530ST,2004,Macho,173.5,0,,,,,,,,,,,
531ST,2004,Macho,202.5,1,14,14,,,,,,,,,
532ST,2004,Macho,197.5,1,8,8,,,,,,,,,
534ST,2004,Macho,161,0,,,,,,,,,,,
538ST,2004,Macho,171,0,,,,,,,,,,,
540ST,2004,Macho,129,0,,,,,,,,,,,
542ST,2004,Macho,132.5,0,,,,,,,,,,,
543ST,2004,Macho,187,0,,,,,,,,,,,
544ST,2004,Macho,129.5,0,,,,,,,,,,,
549ST,2004,Macho,136.5,1,4,4,,,,,,,,,
552ST,2004,Macho,176.5,0,,,,,,,,,,,
553ST,2004,Macho,171.5,0,,,,,,,,,,,
554ST,2004,Macho,179,0,,,,,,,,,,,
555ST,2004,Macho,174,0,,,,,,,,,,,
556ST,2004,Macho,192,0,,,,,,,,,,,
557ST,2004,Macho,173.5,0,,,,,,,,,,,
558ST,2004,Macho,132.5,0,,,,,,,,,,,
560ST,2004,Macho,140,0,,,,,,,,,,,
569ST,2004,Macho,183,0,,,,,,,,,,,
570ST,2004,Macho,145,1,12,12,,,,,,,,,
572ST,2004,Macho,206,1,3,3,,,,,,,,,
576ST,2004,Macho,170.5,0,,,,,,,,,,,
577ST,2004,Macho,191.5,0,,,,,,,,,,,
578ST,2004,Macho,159,0,,,,,,,,,,,
581ST,2004,Macho,177.5,0,,,,,,,,,,,
588ST,2004,Macho,171.5,0,,,,,,,,,,,
589ST,2004,Macho,155,1,7,7,,,,,,,,,
590ST,2004,Macho,202,0,,,,,,,,,,,
592ST,2004,Macho,141.5,0,,,,,,,,,,,
593ST,2004,Macho,194,0,,,,,,,,,,,
594ST,2004,Macho,79,0,,,,,,,,,,,
598ST,2004,Macho,161,2,7,9,,,,,,,,,
599ST,2004,Macho,179,0,,,,,,,,,,,
600ST,2004,Macho,203,0,,,,,,,,,,,
602ST,2004,Macho,197,2,3,4,,,,,,,,,
603ST,2004,Macho,177.5,0,,,,,,,,,,,
607ST,2004,Macho,184,0,,,,,,,,,,,
608ST,2004,Macho,157.5,0,,,,,,,,,,,
609ST,2004,Macho,179,0,,,,,,,,,,,
610ST,2004,Macho,180,0,,,,,,,,,,,
612ST,2004,Macho,169,1,6,6,,,,,,,,,
614ST,2004,Macho,156,2,4,5,,,,,,,,,
617ST,2004,Macho,173.5,1,6,6,,,,,,,,,
619ST,2004,Macho,161.5,8,2,9,,,,,,,,,
621ST,2004,Macho,154.5,0,,,,,,,,,,,
622ST,2004,Macho,190,0,,,,,,,,,,,
623ST,2004,Macho,158,0,,,,,,,,,,,
624ST,2004,Macho,156.5,0,,,,,,,,,,,
625ST,2004,Macho,218.5,0,,,,,,,,,,,
626ST,2004,Macho,201.5,1,5,5,,,,,,,,,
631ST,2005,Macho,183.5,0,,,15.56,45,7,4.68,2.86,156.18,26.78,159.06,24.47
632ST,2005,Macho,160,0,,,,,,,,,,,
635ST,2005,Macho,148,1,11,11,,,,,,,,,
637ST,2005,Macho,110.5,0,,,,,,,,,,,
641ST,2005,Macho,164,4,4,8,,,,,,,,,
642ST,2005,Macho,169.5,1,8,8,,,,,,,,,
643ST,2005,Macho,145,0,,,,,,,,,,,
644ST,2005,Macho,189,1,3,3,,,,,,,,,
646ST,2005,Macho,200,0,,,,,,,,,,,
648ST,2005,Macho,170.5,0,,,,,,,,,,,
650ST,2005,Macho,133,0,,,,,,,,,,,
652ST,2005,Macho,188,0,,,,,,,,,,,
653ST,2005,Macho,213.5,0,,,,,,,,,,,
654ST,2005,Macho,181.5,0,,,,,,,,,,,
657ST,2005,Macho,138,0,,,,,,,,,,,
660ST,2005,Macho,149,0,,,,,,,,,,,
662ST,2005,Macho,141.5,0,,,,,,,,,,,
664ST,2005,Macho,139,1,2,2,,,,,,,,,
666ST,2005,Macho,131.5,0,,,,,,,,,,,
669ST,2005,Macho,160,0,,,,,,,,,,,
670ST,2005,Macho,186.5,1,8,8,,,,,,,,,
671ST,2005,Macho,150,5,2,7,,,,,,,,,
678ST,2005,Macho,143.5,0,,,,,,,,,,,
679ST,2005,Macho,108.5,1,6,6,,,,,,,,,
680ST,2005,Macho,165,4,2,7,,,,,,,,,
686ST,2005,Macho,167.5,0,,,,,,,,,,,
692ST,2005,Macho,134,3,8,11,,,,,,,,,
696ST,2005,Macho,158,1,2,2,,,,,,,,,
697ST,2005,Macho,140.5,0,,,,,,,,,,,
698ST,2005,Macho,116.5,1,3,3,,,,,,,,,
699ST,2005,Macho,147,1,7,7,,,,,,,,,
702ST,2005,Macho,182,0,,,,,,,,,,,
703ST,2005,Macho,144.5,0,,,,,,,,,,,
706ST,2005,Macho,144.5,2,2,3,,,,,,,,,
707ST,2005,Macho,215,1,2,2,,,,,,,,,
709ST,2005,Macho,123,1,12,12,,,,,,,,,
710ST,2005,Macho,182,0,,,,,,,,,,,
711ST,2005,Macho,174.5,2,2,10,,,,,,,,,
713ST,2005,Macho,134.5,0,,,,,,,,,,,
717ST,2005,Macho,152.5,4,4,10,,,,,,,,,
718ST,2005,Macho,150,0,,,,,,,,,,,
721ST,2005,Macho,167,0,,,,,,,,,,,
722ST,2005,Macho,140,0,,,,,,,,,,,
723ST,2005,Macho,178.5,0,,,,,,,,,,,
725ST,2005,Macho,183,6,1,10,,,,,,,,,
730ST,2006,Macho,182,0,,,35.63,87,31,5.48,2.69,166.09,20.73,169.76,20.73
732ST,2006,Macho,156.5,1,9,9,,,,,,,,,
733ST,2006,Macho,171,0,,,,,,,,,,,
737ST,2006,Macho,179.5,1,7,7,,,,,,,,,
738ST,2006,Macho,183.5,4,5,10,,,,,,,,,
739ST,2006,Macho,183,0,,,,,,,,,,,
744ST,2006,Macho,150,2,9,10,,,,,,,,,
745ST,2006,Macho,173,0,,,,,,,,,,,
747ST,2006,Macho,210,0,,,,,,,,,,,
749ST,2006,Macho,177,0,,,,,,,,,,,
750ST,2006,Macho,177.5,2,7,9,,,,,,,,,
751ST,2006,Macho,199.5,0,,,,,,,,,,,
752ST,2006,Macho,186.5,0,,,,,,,,,,,
755ST,2006,Macho,173,1,6,6,,,,,,,,,
756ST,2006,Macho,130.5,0,,,,,,,,,,,
757ST,2006,Macho,133.5,0,,,,,,,,,,,
758ST,2006,Macho,185,4,3,12,,,,,,,,,
759ST,2006,Macho,185.5,0,,,,,,,,,,,
760ST,2006,Macho,158,0,,,,,,,,,,,
762ST,2006,Macho,152.5,0,,,,,,,,,,,
764ST,2006,Macho,125.5,3,3,5,,,,,,,,,
765ST,2006,Macho,176.5,0,,,,,,,,,,,
766ST,2006,Macho,166,0,,,,,,,,,,,
768ST,2006,Macho,121,1,3,3,,,,,,,,,
769ST,2006,Macho,179.5,0,,,,,,,,,,,
772ST,2006,Macho,182,2,9,10,,,,,,,,,
775ST,2006,Macho,184.5,0,,,,,,,,,,,
776ST,2006,Macho,144.5,0,,,,,,,,,,,
777ST,2006,Macho,166,2,10,12,,,,,,,,,
778ST,2006,Macho,189,0,,,,,,,,,,,
781ST,2006,Macho,170,0,,,,,,,,,,,
782ST,2006,Macho,167,0,,,,,,,,,,,
784ST,2006,Macho,150.5,0,,,,,,,,,,,
785ST,2006,Macho,141.5,2,3,10,,,,,,,,,
788ST,2006,Macho,155.5,0,,,,,,,,,,,
789ST,2006,Macho,185,1,5,5,,,,,,,,,
790ST0 (ST0 x confusión),2006,Macho,143.5,1,3,3,,,,,,,,,
792ST,2006,Macho,170.5,0,,,,,,,,,,,
793ST,2006,Macho,149,0,,,,,,,,,,,
795ST,2006,Macho,184,1,4,4,,,,,,,,,
797ST,2006,Macho,176.5,1,11,11,,,,,,,,,
798ST,2006,Macho,201,0,,,,,,,,,,,
799ST,2006,Macho,185,0,,,,,,,,,,,
801ST,2006,Macho,173,1,1,1,,,,,,,,,
802ST,2006,Macho,173.5,0,,,,,,,,,,,
803ST,2006,Macho,167,0,,,,,,,,,,,
804ST,2006,Macho,185.5,0,,,,,,,,,,,
808ST,2006,Macho,167,1,11,11,,,,,,,,,
809ST,2006,Macho,183,1,3,3,,,,,,,,,
811ST,2006,Macho,177.5,0,,,,,,,,,,,
812ST,2006,Macho,136.5,0,,,,,,,,,,,
814ST,2006,Macho,131,0,,,,,,,,,,,
818ST,2006,Macho,159.5,7,2,12,,,,,,,,,
820ST,2006,Macho,171.5,0,,,,,,,,,,,
821ST,2006,Macho,164,0,,,,,,,,,,,
823ST,2006,Macho,124.5,0,,,,,,,,,,,
824ST,2006,Macho,189,2,2,3,,,,,,,,,
825ST,2006,Macho,158.5,2,6,7,,,,,,,,,
826ST,2006,Macho,194.5,0,,,,,,,,,,,
827ST,2006,Macho,154,0,,,,,,,,,,,
832ST,2006,Macho,184.5,0,,,,,,,,,,,
834ST,2006,Macho,157.5,0,,,,,,,,,,,
835ST,2006,Macho,202,4,4,7,,,,,,,,,
836ST,2006,Macho,198.5,1,2,2,,,,,,,,,
840ST,2006,Macho,179.5,0,,,,,,,,,,,
841ST,2006,Macho,133,3,3,9,,,,,,,,,
842ST,2006,Macho,161,0,,,,,,,,,,,
844ST,2006,Macho,205,0,,,,,,,,,,,
845ST,2006,Macho,173,1,6,6,,,,,,,,,
846ST,2006,Macho,197,0,,,,,,,,,,,
847ST,2006,Macho,181.5,1,3,3,,,,,,,,,
848ST,2006,Macho,189,0,,,,,,,,,,,
849ST,2006,Macho,163,0,,,,,,,,,,,
851ST,2006,Macho,152.5,0,,,,,,,,,,,
852ST,2006,Macho,154,0,,,,,,,,,,,
854ST,2006,Macho,144,0,,,,,,,,,,,
855ST,2006,Macho,158.5,1,5,5,,,,,,,,,
858ST,2006,Macho,158,1,12,12,,,,,,,,,
859ST,2006,Macho,126.5,0,,,,,,,,,,,
860ST,2006,Macho,161.5,1,10,10,,,,,,,,,
863ST,2006,Macho,187.5,0,,,,,,,,,,,
864ST,2006,Macho,171.5,0,,,,,,,,,,,
871ST,2006,Macho,158,1,3,3,,,,,,,,,
873ST,2006,Macho,210,0,,,,,,,,,,,
874ST,2006,Macho,148,0,,,,,,,,,,,
875ST,2006,Macho,163.5,0,,,,,,,,,,,
876ST,2006,Macho,164,0,,,,,,,,,,,
877ST,2007,Macho,119.5,1,2,2,24.44,45,11,4.09,2.15,171.64,27.16,170.28,25.75
880ST,2007,Macho,121.5,0,,,,,,,,,,,
889st,2007,Macho,161.5,0,,,,,,,,,,,
890ST,2007,Macho,210.5,0,,,,,,,,,,,
891ST,2007,Macho,192.5,0,,,,,,,,,,,
897ST,2007,Macho,155,1,11,11,,,,,,,,,
899ST,2007,Macho,165,1,2,2,,,,,,,,,
901ST,2007,Macho,178,0,,,,,,,,,,,
903ST,2007,Macho,179.5,0,,,,,,,,,,,
906ST,2007,Macho,168,0,,,,,,,,,,,
909ST,2007,Macho,213.5,2,4,5,,,,,,,,,
911ST,2007,Macho,217.5,0,,,,,,,,,,,
913ST,2007,Macho,170.5,0,,,,,,,,,,,
914ST,2007,Macho,175.5,1,9,9,,,,,,,,,
916ST,2007,Macho,191.5,1,4,4,,,,,,,,,
917ST,2007,Macho,166,0,,,,,,,,,,,
918ST,2007,Macho,120.5,0,,,,,,,,,,,
919ST,2007,Macho,95,0,,,,,,,,,,,
920ST,2007,Macho,181,0,,,,,,,,,,,
922ST,2007,Macho,163,0,,,,,,,,,,,
923ST,2007,Macho,180.5,0,,,,,,,,,,,
925ST,2007,Macho,156,0,,,,,,,,,,,
927ST,2007,Macho,182.5,0,,,,,,,,,,,
932ST,2007,Macho,173.5,0,,,,,,,,,,,
939ST,2007,Macho,120,0,,,,,,,,,,,
940ST,2007,Macho,173,0,,,,,,,,,,,
941ST,2007,Macho,148.5,0,,,,,,,,,,,
945ST,2007,Macho,161,0,,,,,,,,,,,
946ST,2007,Macho,203,0,,,,,,,,,,,
949ST,2007,Macho,194.5,2,2,3,,,,,,,,,
951ST,2007,Macho,186.5,0,,,,,,,,,,,
952ST,2007,Macho,185.5,0,,,,,,,,,,,
953ST,2007,Macho,179,0,,,,,,,,,,,
955ST,2007,Macho,169.5,0,,,,,,,,,,,
960ST,2007,Macho,162.5,0,,,,,,,,,,,
962ST,2007,Macho,165,0,,,,,,,,,,,
963ST,2007,Macho,199.5,0,,,,,,,,,,,
964ST,2007,Macho,188,0,,,,,,,,,,,
966ST,2007,Macho,166,1,4,4,,,,,,,,,
967ST,2007,Macho,171,2,2,3,,,,,,,,,
968ST,2007,Macho,174.5,0,,,,,,,,,,,
969ST,2007,Macho,177.5,0,,,,,,,,,,,
971ST,2007,Macho,196.5,5,1,10,,,,,,,,,
972ST,2007,Macho,140,3,4,6,,,,,,,,,
976ST,2007,Macho,179,0,,,,,,,,,,,
"976ST (Ojo, se repite con uno de 2007) Figura en ambas planillas, deben haber repetido número ese año sin darse cuenta.",2008,Macho,182.5,0,,,26.42,53,14,3.50,1.57,163.38,33.47,165.28,29.63
980ST,2008,Macho,187.5,0,,,,,,,,,,,
981ST,2008,Macho,117,0,,,,,,,,,,,
982ST,2008,Macho,163.5,0,,,,,,,,,,,
984ST,2008,Macho,150,0,,,,,,,,,,,
985ST,2008,Macho,178.5,5,1,8,,,,,,,,,
990ST,2008,Macho,105,1,1,1,,,,,,,,,
991ST,2008,Macho,141,0,,,,,,,,,,,
997ST,2008,Macho,161,0,,,,,,,,,,,
1000ST,2008,Macho,211,0,,,,,,,,,,,
1004ST,2008,Macho,192.5,0,,,,,,,,,,,
1006ST,2008,Macho,222.5,1,3,3,,,,,,,,,
1009ST,2008,Macho,171.5,1,2,2,,,,,,,,,
1010ST,2008,Macho,201,0,,,,,,,,,,,
1011ST,2008,Macho,205.5,0,,,,,,,,,,,
1012ST,2008,Macho,145,0,,,,,,,,,,,
1013ST,2008,Macho,178,0,,,,,,,,,,,
1015ST,2008,Macho,184,3,5,8,,,,,,,,,
1016ST,2008,Macho,218.5,0,,,,,,,,,,,
1019ST,2008,Macho,175,1,5,5,,,,,,,,,
1020ST,2008,Macho,108.5,0,,,,,,,,,,,
1022ST,2008,Macho,170,0,,,,,,,,,,,
1023ST,2008,Macho,203,0,,,,,,,,,,,
1026ST,2008,Macho,176.5,0,,,,,,,,,,,
1029ST,2008,Macho,116,0,,,,,,,,,,,
1030ST,2008,Macho,179,0,,,,,,,,,,,
1033ST,2008,Macho,176.5,0,,,,,,,,,,,
1037ST,2008,Macho,194,0,,,,,,,,,,,
1039ST,2008,Macho,159.5,0,,,,,,,,,,,
1040ST,2008,Macho,186.5,1,3,3,,,,,,,,,
1041ST,2008,Macho,178,0,,,,,,,,,,,
1043ST,2008,Macho,156.5,2,2,3,,,,,,,,,
1045ST,2008,Macho,187,0,,,,,,,,,,,
1049ST,2008,Macho,180.5,0,,,,,,,,,,,
1050ST,2008,Macho,151.5,0,,,,,,,,,,,
1052ST,2008,Macho,114.5,0,,,,,,,,,,,
1053ST,2008,Macho,147,0,,,,,,,,,,,
1059ST,2008,Macho,147,0,,,,,,,,,,,
1060ST,2008,Macho,136,3,3,9,,,,,,,,,
1061ST,2008,Macho,132,0,,,,,,,,,,,
1062ST,2008,Macho,112.5,1,2,2,,,,,,,,,
1063ST,2008,Macho,109,0,,,,,,,,,,,
1064ST,2008,Macho,175.5,0,,,,,,,,,,,
1065ST,2008,Macho,148.5,1,4,4,,,,,,,,,
1066ST,2008,Macho,146,1,4,4,,,,,,,,,
1069ST,2008,Macho,199,1,7,,,,,,,,,,
1070ST,2008,Macho,170,0,,,,,,,,,,,
1080ST,2008,Macho,111.5,0,,,,,,,,,,,
1084ST,2008,Macho,167,0,,,,,,,,,,,
1085ST,2008,Macho,186,0,,,,,,,,,,,
1089ST,2008,Macho,171,0,,,,,,,,,,,
1091ST,2008,Macho,159,1,7,7,,,,,,,,,
1094ST,2008,Macho,190,0,,,,,,,,,,,
A1,2010,Macho,187.5,3,2,5,30,60,18,4.00,2.22,155.89,30.51,160.36,29.21
A3,2010,Macho,215,2,2,5,,,,,,,,,
A4,2010,Macho,121,0,,,,,,,,,,,
A6,2010,Macho,192.5,0,,,,,,,,,,,
A7,2010,Macho,158.5,0,,,,,,,,,,,
A9,2010,Macho,191.5,0,,,,,,,,,,,
A10,2010,Macho,180,1,6,6,,,,,,,,,
A11,2010,Macho,141,4,1,7,,,,,,,,,
A13,2010,Macho,162.5,0,,,,,,,,,,,
A14,2010,Macho,208.5,0,,,,,,,,,,,
A18,2010,Macho,168,0,,,,,,,,,,,
A20,2010,Macho,131.5,0,,,,,,,,,,,
A24,2010,Macho,150,0,,,,,,,,,,,
A25,2010,Macho,191,0,,,,,,,,,,,
A28,2010,Macho,180,0,,,,,,,,,,,
A29,2010,Macho,170.5,0,,,,,,,,,,,
A30,2010,Macho,159,0,,,,,,,,,,,
A31,2010,Macho,180,0,,,,,,,,,,,
A32,2010,Macho,115,0,,,,,,,,,,,
A33,2010,Macho,176.5,0,,,,,,,,,,,
A35,2010,Macho,133.5,0,,,,,,,,,,,
A37,2010,Macho,190.5,0,,,,,,,,,,,
A38,2010,Macho,168,1,7,7,,,,,,,,,
A40,2010,Macho,155,1,2,2,,,,,,,,,
A44,2010,Macho,158,1,3,3,,,,,,,,,
A45,2010,Macho,182,0,,,,,,,,,,,
A46,2010,Macho,102.5,0,,,,,,,,,,,
A48,2010,Macho,210.5,2,2,6,,,,,,,,,
A50,2010,Macho,95.5,0,,,,,,,,,,,
A54,2010,Macho,173.5,0,,,,,,,,,,,
A56,2010,Macho,179,0,,,,,,,,,,,
A58,2010,Macho,152,0,,,,,,,,,,,
A59,2010,Macho,187,0,,,,,,,,,,,
A60,2010,Macho,147.5,0,,,,,,,,,,,
A65,2010,Macho,130,0,,,,,,,,,,,
A66,2010,Macho,127.5,0,,,,,,,,,,,
A69,2010,Macho,117,3,3,8,,,,,,,,,
A70,2010,Macho,131,0,,,,,,,,,,,
A71,2010,Macho,169.5,0,,,,,,,,,,,
A72,2010,Macho,122.5,0,,,,,,,,,,,
A73,2010,Macho,153.5,4,2,8,,,,,,,,,
A74,2010,Macho,171.5,0,,,,,,,,,,,
A78,2010,Macho,170,0,,Muerto año de nacimiento,,,,,,,,,
A79,2010,Macho,198,0,,,,,,,,,,,
A80,2010,Macho,206,0,,,,,,,,,,,
A83,2010,Macho,147.5,0,,,,,,,,,,,
A84,2010,Macho,138,1,6,6,,,,,,,,,
A86,2010,Macho,176.5,0,,,,,,,,,,,
A88,2010,Macho,181,2,6,7,,,,,,,,,
A89,2010,Macho,189,0,,,,,,,,,,,
A91,2010,Macho,140,1,8,8,,,,,,,,,
A94,2010,Macho,180,0,,,,,,,,,,,
A95,2010,Macho,116.5,1,8,8,,,,,,,,,
A96,2010,Macho,119,1,3,3,,,,,,,,,
A97,2010,Macho,151,2,2,5,,,,,,,,,
A98,2010,Macho,105,0,,,,,,,,,,,
A99,2010,Macho,152,0,,,,,,,,,,,
A100,2010,Macho,160,0,,,,,,,,,,,
A102,2010,Macho,160.5,2,2,3,,,,,,,,,
A104,2010,Macho,114.5,1,7,7,,,,,,,,,
A107,2011,Macho,134.5,1,6,6,18.75,64,12,4.17,2.14,173.33,29.42,167.81,28.03
A109,2011,Macho,157.5,0,,,,,,,,,,,
A110,2011,Macho,169.5,0,,,,,,,,,,,
A113,2011,Macho,135.5,0,,,,,,,,,,,
A114,2011,Macho,156.5,0,,,,,,,,,,,
A117,2011,Macho,116,0,,,,,,,,,,,
A118,2011,Macho,180,1,7,7,,,,,,,,,
A119,2011,Macho,207,0,,,,,,,,,,,
A120,2011,Macho,176.5,0,,,,,,,,,,,
A122,2011,Macho,190,0,,,,,,,,,,,
A125,2011,Macho,143,0,,,,,,,,,,,
A126,2011,Macho,145.5,0,,,,,,,,,,,
A128,2011,Macho,168,1,6,6,,,,,,,,,
A130,2011,Macho,127.5,0,,,,,,,,,,,
A132,2011,Macho,135,0,,,,,,,,,,,
A135,2011,Macho,140,0,,,,,,,,,,,
A137,2011,Macho,173,1,7,7,,,,,,,,,
A138,2011,Macho,218.5,0,,,,,,,,,,,
A144,2011,Macho,163.5,0,,,,,,,,,,,
A145,2011,Macho,120,0,,,,,,,,,,,
A147,2011,Macho,148.5,0,,,,,,,,,,,
A150,2011,Macho,174,0,,,,,,,,,,,
A152,2011,Macho,172,0,,,,,,,,,,,
A154,2011,Macho,152,0,,,,,,,,,,,
A156,2011,Macho,147,0,,,,,,,,,,,
A157,2011,Macho,177.5,2,5,7,,,,,,,,,
A158,2011,Macho,145.5,0,,,,,,,,,,,
A159,2011,Macho,139.5,0,,,,,,,,,,,
A160,2011,Macho,173,0,,,,,,,,,,,
A161,2011,Macho,193,0,,,,,,,,,,,
A162,2011,Macho,187,0,,,,,,,,,,,
A165,2011,Macho,160.5,0,,,,,,,,,,,
A167,2011,Macho,226.5,1,5,5,,,,,,,,,
A169,2011,Macho,142.5,0,,,,,,,,,,,
A172,2011,Macho,203,0,,,,,,,,,,,
A173,2011,Macho,165,2,2,4,,,,,,,,,
A176,2011,Macho,123.5,1,2,2,,,,,,,,,
A177,2011,Macho,183,0,,,,,,,,,,,
A179,2011,Macho,201,0,,,,,,,,,,,
A181,2011,Macho,207.5,0,,,,,,,,,,,
A182,2011,Macho,146,0,,,,,,,,,,,
A185,2011,Macho,237.5,0,,,,,,,,,,,
A186,2011,Macho,145,0,,,,,,,,,,,
A188,2011,Macho,138,0,,,,,,,,,,,
A189,2011,Macho,181,0,,,,,,,,,,,
A190,2011,Macho,144,0,,,,,,,,,,,
A192,2011,Macho,176.5,0,,,,,,,,,,,
A193,2011,Macho,181.5,0,,,,,,,,,,,
A194,2011,Macho,213,0,,,,,,,,,,,
A195,2011,Macho,172,0,,,,,,,,,,,
A197,2011,Macho,171,0,,,,,,,,,,,
A198,2011,Macho,151.5,1,6,6,,,,,,,,,
A203,2011,Macho,199.5,0,,,,,,,,,,,
A204,2011,Macho,182.5,0,,,,,,,,,,,
A206,2011,Macho,152.5,0,,,,,,,,,,,
A207,2011,Macho,195.5,1,1,1,,,,,,,,,
A208,2011,Macho,163.5,0,,,,,,,,,,,
A213,2011,Macho,156,0,,,,,,,,,,,
A214,2011,Macho,182,0,,,,,,,,,,,
A215,2011,Macho,213,2,2,4,,,,,,,,,
A216,2011,Macho,196.5,0,,,,,,,,,,,
A218,2011,Macho,221,0,,,,,,,,,,,
A220,2011,Macho,136.5,0,,,,,,,,,,,
A221,2011,Macho,172,1,1,1,,,,,,,,,
A224,2012,Macho,152,0,,,11.11,54,6,4.17,0.89,174.58,15.74,149.91,31.41
A226,2012,Macho,112.5,0,,,,,,,,,,,
A229,2012,Macho,180.5,1,5,5,,,,,,,,,
A230,2012,Macho,165,0,,,,,,,,,,,
A234,2012,Macho,94.5,0,,,,,,,,,,,
A235,2012,Macho,152,0,,,,,,,,,,,
A236,2012,Macho,114.5,0,,,,,,,,,,,
A237,2012,Macho,174.5,1,4,4,,,,,,,,,
A243,2012,Macho,121,0,,,,,,,,,,,
A245,2012,Macho,141,0,,,,,,,,,,,
A246,2012,Macho,119.5,0,,,,,,,,,,,
A247,2012,Macho,126.5,0,,,,,,,,,,,
A251,2012,Macho,108.5,0,,,,,,,,,,,
A252,2012,Macho,150,0,,,,,,,,,,,
A254,2012,Macho,152,0,,,,,,,,,,,
A255,2012,Macho,187,0,,,,,,,,,,,
A257,2012,Macho,122.5,0,,,,,,,,,,,
A258,2012,Macho,180,0,,,,,,,,,,,
A260,2012,Macho,132.5,0,,,,,,,,,,,
A261,2012,Macho,115.5,0,,,,,,,,,,,
A263,2012,Macho,135,0,,,,,,,,,,,
A264,2012,Macho,158.5,0,,,,,,,,,,,
A265,2012,Macho,158.5,0,,,,,,,,,,,
A266,2012,Macho,171.5,1,3,3,,,,,,,,,
A271,2012,Macho,170.5,1,3,3,,,,,,,,,
A275,2012,Macho,126,0,,,,,,,,,,,
A276,2012,Macho,147.5,0,,,,,,,,,,,
A277,2012,Macho,194.5,0,,,,,,,,,,,
A280,2012,Macho,199.5,0,,,,,,,,,,,
A281,2012,Macho,151,1,6,6,,,,,,,,,
A282,2012,Macho,128,0,,,,,,,,,,,
A283,2012,Macho,203.5,0,,,,,,,,,,,
A284,2012,Macho,188,0,,,,,,,,,,,
A285,2012,Macho,125,0,,,,,,,,,,,
A288,2012,Macho,141,0,,,,,,,,,,,
A289,2012,Macho,128,0,,,,,,,,,,,
A290,2012,Macho,142.5,0,,,,,,,,,,,
A292,2012,Macho,148.5,0,,,,,,,,,,,
A293,2012,Macho,158.5,0,,,,,,,,,,,
A294,2012,Macho,199.5,1,4,4,,,,,,,,,
A295,2012,Macho,143.5,0,,,,,,,,,,,
A297,2012,Macho,137,0,,,,,,,,,,,
A303,2012,Macho,182,0,,,,,,,,,,,
A304,2012,Macho,83,0,,,,,,,,,,,
A305,2012,Macho,222,0,,,,,,,,,,,
A308,2012,Macho,193.5,0,,,,,,,,,,,
A310,2012,Macho,156,0,,,,,,,,,,,
A312,2012,Macho,148,0,,,,,,,,,,,
A314,2012,Macho,185,0,,,,,,,,,,,
A315,2012,Macho,183,0,,,,,,,,,,,
A316,2012,Macho,176.5,0,,,,,,,,,,,
A321,2012,Macho,152.5,0,,,,,,,,,,,
A323,2012,Macho,105.5,0,,,,,,,,,,,
A324,2012,Macho,199,0,,,,,,,,,,,
A325,2013,Macho,163,1,4,4,10.34,58,6,3.17,0.83,154.67,26.15,160.38,36.08
A327,2013,Macho,118,0,,,,,,,,,,,
A328,2013,Macho,184.5,0,,,,,,,,,,,
A329,2013,Macho,112,0,,,,,,,,,,,
A330,2013,Macho,166.5,0,,,,,,,,,,,
A335,2013,Macho,125.5,0,,,,,,,,,,,
A337,2013,Macho,136,0,,,,,,,,,,,
A339,2013,Macho,204,0,,,,,,,,,,,
A340,2013,Macho,154,2,4,5,,,,,,,,,
A343,2013,Macho,118,0,,,,,,,,,,,
A344,2013,Macho,155.5,0,,,,,,,,,,,
A348,2013,Macho,203,0,,,,,,,,,,,
A351,2013,Macho,133,0,,,,,,,,,,,
A355,2013,Macho,185.5,0,,,,,,,,,,,
A356,2013,Macho,157,0,,,,,,,,,,,
A357,2013,Macho,144.5,0,,,,,,,,,,,
A360,2013,Macho,131.5,0,,,,,,,,,,,
A362,2013,Macho,121,0,,,,,,,,,,,
A363,2013,Macho,184,0,,,,,,,,,,,
A365,2013,Macho,174.5,0,,,,,,,,,,,
A366,2013,Macho,186.5,0,,,,,,,,,,,
A370,2013,Macho,149.5,0,,,,,,,,,,,
A373,2013,Macho,214.5,0,,,,,,,,,,,
A374,2013,Macho,122,0,,,,,,,,,,,
A376,2013,Macho,174.5,0,,,,,,,,,,,
A377,2013,Macho,163.5,0,,,,,,,,,,,
A378,2013,Macho,192.5,0,,,,,,,,,,,
A381,2013,Macho,169,1,2,2,,,,,,,,,
A383,2013,Macho,155.5,0,,,,,,,,,,,
A384,2013,Macho,165.5,0,,,,,,,,,,,
A386,2013,Macho,241,0,,,,,,,,,,,
A387,2013,Macho,106,1,4,4,,,,,,,,,
A388,2013,Macho,165,0,,,,,,,,,,,
A389,2013,Macho,208,0,,,,,,,,,,,
A392,2013,Macho,104,0,,,,,,,,,,,
A393,2013,Macho,120,0,,,,,,,,,,,
A396,2013,Macho,195.5,0,,,,,,,,,,,
A399,2013,Macho,188,0,,,,,,,,,,,
A403,2013,Macho,199.5,0,,,,,,,,,,,
A404,2013,Macho,158.5,0,,,,,,,,,,,
A407,2013,Macho,118.5,0,,,,,,,,,,,
A409,2013,Macho,209,0,,,,,,,,,,,
A410,2013,Macho,109.5,0,,,,,,,,,,,
A413,2013,Macho,86.5,0,,,,,,,,,,,
A414,2013,Macho,149.5,0,,,,,,,,,,,
A416,2013,Macho,98,0,,,,,,,,,,,
A419,2013,Macho,170.5,0,,,,,,,,,,,
A420,2013,Macho,213.5,0,,,,,,,,,,,
A422,2013,Macho,146.5,0,,,,,,,,,,,
A425,2013,Macho,223.5,0,,,,,,,,,,,
A426,2013,Macho,153.5,1,3,3,,,,,,,,,
A428,2013,Macho,177.5,0,,,,,,,,,,,
A429,2013,Macho,149.5,0,,,,,,,,,,,
A433,2013,Macho,152.5,0,,,,,,,,,,,
A436,2013,Macho,132.5,0,,,,,,,,,,,
A437,2013,Macho,182.5,1,2,2,,,,,,,,,
A439,2013,Macho,149.5,0,,,,,,,,,,,
A442,2013,Macho,195.5,0,,,,,,,,,,,
A443,2014,Macho,110,0,,,38.1,21,8,2.63,1.38,168.56,46.53,155.38,21.66
A446,2014,Macho,160,1,4,4,,,,,,,,,
A448,2014,Macho,145.5,1,4,4,,,,,,,,,
A450,2014,Macho,99,1,4,4,,,,,,,,,
A454,2014,Macho,191.5,1,4,4,,,,,,,,,
A455,2014,Macho,172.5,0,,,,,,,,,,,
A456,2014,Macho,160,2,2,3,,,,,,,,,
A457,2014,Macho,133,0,,,,,,,,,,,
A458,2014,Macho,149.5,0,,,,,,,,,,,
A462,2014,Macho,145.5,0,,,,,,,,,,,
A463,2014,Macho,163.5,0,,,,,,,,,,,
A465,2014,Macho,139.5,0,,,,,,,,,,,
A469,2014,Macho,196,0,,,,,,,,,,,
A471,2014,Macho,177,0,,,,,,,,,,,
A472,2014,Macho,155,0,,,,,,,,,,,
A473,2014,Macho,137.5,1,1,1,,,,,,,,,
A474,2014,Macho,161,0,,,,,,,,,,,
A475,2014,Macho,203,1,1,1,,,,,,,,,
A477,2014,Macho,150,0,,,,,,,,,,,
A483,2014,Macho,252,1,1,1,,,,,,,,,
A491,2014,Macho,167.5,0,,,,,,,,,,,
A493,2015,Macho,128,1,2,2,14.28,21,3,2.00,0.00,NO TENIDO EN CUENTA,,,
A495,2015,Macho,179,0,,,,,,,,,,,
A496,2015,Macho,93.5,0,,,,,,,,,,,
A500,2015,Macho,140,0,,,,,,,,,,,
A501,2015,Macho,171.5,0,,,,,,,,,,,
A503,2015,Macho,140,2,2,3,,,,,,,,,
A504,2015,Macho,153,1,2,2,,,,,,,,,
A505,2015,Macho,149,0,,,,,,,,,,,
A507,2015,Macho,131,0,,,,,,,,,,,
A509,2015,Macho,142,0,,,,,,,,,,,
A511,2015,Macho,180,0,,,,,,,,,,,
A515,2015,Macho,166,0,,,,,,,,,,,
A516,2015,Macho,178,0,,,,,,,,,,,
A517,2015,Macho,171.5,0,,,,,,,,,,,
A519,2015,Macho,134,0,,,,,,,,,,,
A520,2015,Macho,216,0,,,,,,,,,,,
A521,2015,Macho,227,0,,,,,,,,,,,
A522,2015,Macho,195,0,,,,,,,,,,,
A523,2015,Macho,182,0,,,,,,,,,,,
A524,2015,Macho,140,0,,,,,,,,,,,
A527,2015,Macho,143,0,,,,,,,,,,,
MACHOS,,,,,,,24.19,773,199,5.04,2.82,162.35,28.24,162.36,28.22
HEMBRAS,,,,,,,31.58,741,234,5.21,2.29,155.68,23.78,150.13,26.89
